guy3_chair070.jpg,128.0,86.0,0.68145776,132.0,82.0,0.83600664,124.0,82.0,0.73843086,139.0,83.0,0.7367245,120.0,84.0,0.6514728,146.0,95.0,0.844232,114.0,99.0,0.7014928,157.0,68.0,0.6724032,101.0,70.0,0.63772345,156.0,44.0,0.2693581,98.0,43.0,0.37557504,139.0,162.0,0.87070584,118.0,162.0,0.6432437,132.0,210.0,0.748876,116.0,208.0,0.7610636,134.0,244.0,0.7319188,120.0,240.0,0.5709468
guy3_chair070_flipped.jpg,129.0,86.0,0.73586905,132.0,82.0,0.8001683,124.0,82.0,0.8394078,136.0,83.0,0.67413133,117.0,83.0,0.5475404,142.0,98.0,0.6529911,108.0,98.0,0.72344846,155.0,70.0,0.77716005,98.0,67.0,0.83084476,154.0,41.0,0.5933587,101.0,44.0,0.20398493,137.0,160.0,0.7344415,117.0,162.0,0.83905613,139.0,208.0,0.8495147,122.0,210.0,0.8404795,134.0,242.0,0.68707615,122.0,243.0,0.7289184
guy3_chair071.jpg,129.0,88.0,0.78946525,133.0,84.0,0.8347932,125.0,84.0,0.80975163,140.0,85.0,0.7963182,121.0,85.0,0.789443,148.0,98.0,0.85339737,114.0,100.0,0.5701686,157.0,69.0,0.7471051,101.0,71.0,0.7945057,156.0,47.0,0.45653054,99.0,46.0,0.20782717,140.0,161.0,0.7583375,119.0,161.0,0.78572834,133.0,212.0,0.80645216,116.0,209.0,0.8709893,135.0,243.0,0.72543985,121.0,240.0,0.8803403
guy3_chair071_flipped.jpg,129.0,88.0,0.7782355,132.0,83.0,0.7007593,124.0,84.0,0.6855575,135.0,85.0,0.7202129,117.0,85.0,0.75148165,142.0,99.0,0.7592425,109.0,100.0,0.5446179,156.0,72.0,0.7500973,99.0,69.0,0.86621165,155.0,50.0,0.5942089,101.0,49.0,0.18969561,137.0,161.0,0.7163533,116.0,162.0,0.8077964,139.0,209.0,0.8598596,123.0,212.0,0.8698044,134.0,240.0,0.73093456,123.0,245.0,0.699119
guy3_chair072.jpg,128.0,89.0,0.7469194,133.0,86.0,0.7411359,125.0,85.0,0.7373493,140.0,86.0,0.623047,122.0,86.0,0.63918257,147.0,99.0,0.6942454,114.0,100.0,0.75559026,157.0,70.0,0.65944195,102.0,74.0,0.7787377,156.0,48.0,0.24960636,99.0,46.0,0.3798432,140.0,163.0,0.74305236,119.0,162.0,0.70928025,134.0,211.0,0.8018599,116.0,209.0,0.61076015,135.0,245.0,0.72580177,121.0,241.0,0.8196851
guy3_chair072_flipped.jpg,129.0,90.0,0.8115198,132.0,86.0,0.73412,124.0,86.0,0.8113073,135.0,86.0,0.7913743,117.0,87.0,0.79624385,142.0,101.0,0.6235981,108.0,101.0,0.62625414,155.0,74.0,0.78894305,99.0,72.0,0.73866594,156.0,51.0,0.5063597,101.0,50.0,0.12850726,137.0,162.0,0.7143779,116.0,163.0,0.8372469,140.0,210.0,0.7878114,122.0,212.0,0.843096,134.0,241.0,0.75579894,122.0,246.0,0.7114393
guy3_chair073.jpg,128.0,91.0,0.68542933,132.0,87.0,0.77804226,125.0,86.0,0.6203772,139.0,87.0,0.7030768,121.0,87.0,0.7164278,148.0,99.0,0.810111,114.0,103.0,0.7093911,156.0,71.0,0.75349075,101.0,76.0,0.7064989,155.0,47.0,0.56826425,97.0,46.0,0.38488796,140.0,163.0,0.7518879,119.0,163.0,0.7850448,133.0,212.0,0.7658983,116.0,210.0,0.89271224,135.0,245.0,0.77952194,121.0,241.0,0.8234421
guy3_chair073_flipped.jpg,128.0,91.0,0.8068602,131.0,87.0,0.7354526,123.0,87.0,0.82265776,134.0,87.0,0.8117949,117.0,88.0,0.8469645,140.0,102.0,0.65764374,107.0,102.0,0.6146389,155.0,74.0,0.75465304,99.0,72.0,0.8679779,156.0,51.0,0.6158557,102.0,51.0,0.24264427,135.0,162.0,0.68792784,115.0,163.0,0.7987034,139.0,209.0,0.7795047,121.0,212.0,0.8687317,133.0,239.0,0.6874526,121.0,246.0,0.71264815
guy3_chair074.jpg,128.0,93.0,0.6859622,132.0,89.0,0.8126821,124.0,89.0,0.6696976,139.0,90.0,0.6862085,121.0,90.0,0.71537113,148.0,101.0,0.7976523,115.0,105.0,0.6945666,156.0,74.0,0.7250048,101.0,77.0,0.7125126,154.0,51.0,0.52213573,97.0,49.0,0.37254128,141.0,164.0,0.81613594,120.0,164.0,0.80863297,132.0,215.0,0.7125337,116.0,212.0,0.86231303,135.0,244.0,0.7889299,121.0,240.0,0.80653775
guy3_chair074_flipped.jpg,129.0,93.0,0.6468234,132.0,88.0,0.5951451,124.0,88.0,0.68513733,135.0,89.0,0.7009491,117.0,90.0,0.7839323,142.0,103.0,0.85512257,108.0,103.0,0.8513179,155.0,77.0,0.78371185,100.0,73.0,0.771608,157.0,54.0,0.466447,104.0,54.0,0.18544747,135.0,163.0,0.7476322,115.0,165.0,0.8423498,141.0,212.0,0.9037793,124.0,214.0,0.8882387,133.0,240.0,0.7877584,122.0,245.0,0.7185365
guy3_chair075.jpg,127.0,94.0,0.59096456,131.0,90.0,0.70851886,124.0,90.0,0.4792002,139.0,91.0,0.88351965,122.0,91.0,0.80961,149.0,103.0,0.75713086,115.0,105.0,0.85606426,155.0,75.0,0.76038617,102.0,77.0,0.6375166,154.0,56.0,0.66019344,99.0,56.0,0.3629471,142.0,164.0,0.8463371,121.0,164.0,0.8468412,132.0,215.0,0.9192694,115.0,213.0,0.94055355,135.0,245.0,0.79051554,123.0,242.0,0.87831146
guy3_chair075_flipped.jpg,129.0,94.0,0.7031215,132.0,90.0,0.44521344,124.0,90.0,0.7116289,134.0,90.0,0.7993636,116.0,91.0,0.860574,140.0,104.0,0.84809166,107.0,104.0,0.86888325,154.0,78.0,0.73183274,100.0,75.0,0.58236516,157.0,55.0,0.53901756,102.0,56.0,0.24586338,134.0,164.0,0.6803597,114.0,166.0,0.8093323,141.0,212.0,0.87895876,122.0,215.0,0.85953087,132.0,238.0,0.72255653,121.0,244.0,0.6869416
guy3_chair076.jpg,127.0,96.0,0.7773297,131.0,92.0,0.8273989,124.0,91.0,0.82304305,139.0,91.0,0.77846587,122.0,91.0,0.69573784,148.0,105.0,0.6280469,115.0,107.0,0.80340064,156.0,76.0,0.8778243,102.0,78.0,0.7458278,153.0,58.0,0.31664798,99.0,58.0,0.56984746,142.0,165.0,0.73618937,122.0,164.0,0.87175167,132.0,216.0,0.85685885,114.0,214.0,0.89142054,135.0,246.0,0.66810095,122.0,242.0,0.84026456
guy3_chair076_flipped.jpg,129.0,96.0,0.75872624,132.0,91.0,0.6957077,124.0,91.0,0.60260403,135.0,92.0,0.7372824,118.0,93.0,0.7508491,141.0,106.0,0.7965057,108.0,106.0,0.7164964,153.0,79.0,0.7598425,101.0,75.0,0.8684857,157.0,57.0,0.406095,103.0,57.0,0.11329381,134.0,165.0,0.7774093,114.0,166.0,0.85017484,141.0,214.0,0.8349588,123.0,215.0,0.8158184,132.0,238.0,0.7421304,122.0,246.0,0.8043188
guy3_chair077.jpg,126.0,97.0,0.51260126,131.0,92.0,0.8814139,123.0,92.0,0.7259326,139.0,92.0,0.82205415,121.0,92.0,0.80059874,149.0,105.0,0.64418876,115.0,107.0,0.71517295,155.0,78.0,0.76394856,103.0,79.0,0.7389915,153.0,56.0,0.6532648,98.0,57.0,0.59194666,143.0,166.0,0.8189613,123.0,165.0,0.8437111,132.0,215.0,0.76297635,114.0,213.0,0.8414694,135.0,246.0,0.8326974,123.0,240.0,0.82674885
guy3_chair077_flipped.jpg,130.0,97.0,0.7337781,133.0,93.0,0.5562582,125.0,93.0,0.7807868,135.0,93.0,0.7926057,118.0,94.0,0.75371766,141.0,107.0,0.77826095,109.0,106.0,0.7347224,155.0,79.0,0.70874447,102.0,76.0,0.75852525,158.0,59.0,0.5982037,105.0,59.0,0.1987087,134.0,166.0,0.8676451,113.0,167.0,0.830776,141.0,213.0,0.9119207,123.0,214.0,0.84863544,132.0,238.0,0.7026445,121.0,244.0,0.8014254
guy3_chair078.jpg,125.0,98.0,0.76556414,130.0,93.0,0.77613467,122.0,93.0,0.58170414,138.0,94.0,0.88674444,122.0,94.0,0.8005692,147.0,106.0,0.8468882,115.0,108.0,0.6955056,154.0,78.0,0.7750474,101.0,80.0,0.82985634,152.0,60.0,0.5178362,98.0,59.0,0.5245609,143.0,165.0,0.8309171,124.0,165.0,0.80524635,130.0,214.0,0.86763453,114.0,212.0,0.828338,135.0,245.0,0.8300092,122.0,240.0,0.84386116
guy3_chair078_flipped.jpg,130.0,98.0,0.59721375,133.0,94.0,0.43975592,125.0,94.0,0.7366719,135.0,94.0,0.7305909,118.0,95.0,0.73462737,140.0,108.0,0.7586753,108.0,107.0,0.8305589,154.0,81.0,0.8157158,102.0,78.0,0.71659815,158.0,61.0,0.5972887,105.0,60.0,0.19660269,133.0,167.0,0.7689358,113.0,168.0,0.8226745,141.0,213.0,0.93411386,124.0,214.0,0.87429357,132.0,239.0,0.6803625,121.0,244.0,0.8162222
guy3_chair079.jpg,124.0,100.0,0.80479634,129.0,95.0,0.7564144,122.0,94.0,0.717919,138.0,95.0,0.67523444,122.0,95.0,0.6400775,148.0,108.0,0.63771546,115.0,109.0,0.7415874,154.0,79.0,0.8305055,101.0,82.0,0.7572045,151.0,58.0,0.4906262,97.0,57.0,0.747994,143.0,167.0,0.81777155,124.0,166.0,0.81065893,130.0,214.0,0.8833009,113.0,212.0,0.7478175,136.0,244.0,0.83426857,123.0,238.0,0.70526195
guy3_chair079_flipped.jpg,131.0,100.0,0.7202823,134.0,95.0,0.66512245,126.0,95.0,0.7461667,135.0,95.0,0.7463622,118.0,95.0,0.83420396,141.0,109.0,0.6759089,109.0,108.0,0.6333251,156.0,82.0,0.6917572,103.0,80.0,0.8720299,160.0,59.0,0.77133,107.0,60.0,0.1708877,133.0,167.0,0.8011746,113.0,168.0,0.8704727,143.0,211.0,0.92344326,126.0,213.0,0.8962131,133.0,238.0,0.80608606,121.0,245.0,0.76044375
guy3_chair080.jpg,123.0,101.0,0.69462466,128.0,96.0,0.7784077,120.0,96.0,0.6263922,137.0,96.0,0.7954761,120.0,96.0,0.5721278,147.0,109.0,0.752707,114.0,111.0,0.8206837,153.0,81.0,0.75990057,99.0,83.0,0.64492893,148.0,55.0,0.38007984,97.0,59.0,0.6650992,144.0,169.0,0.7773665,125.0,168.0,0.8560965,128.0,214.0,0.70722747,113.0,212.0,0.8804194,135.0,243.0,0.857443,122.0,239.0,0.80224353
guy3_chair080_flipped.jpg,132.0,101.0,0.6373999,135.0,96.0,0.74467444,128.0,97.0,0.82996964,135.0,96.0,0.70950955,119.0,97.0,0.7634207,142.0,110.0,0.67655754,109.0,109.0,0.62984616,158.0,83.0,0.5617576,103.0,82.0,0.7787355,160.0,60.0,0.6600127,107.0,61.0,0.27992216,133.0,167.0,0.7434004,112.0,169.0,0.85360855,143.0,211.0,0.9081995,126.0,212.0,0.86082065,134.0,238.0,0.8293366,121.0,245.0,0.8412839
guy3_chair081.jpg,122.0,101.0,0.76459426,127.0,97.0,0.81142884,120.0,96.0,0.7374598,137.0,97.0,0.8287962,121.0,96.0,0.7045199,147.0,110.0,0.7951453,114.0,112.0,0.85261565,153.0,82.0,0.751544,98.0,83.0,0.87819064,148.0,57.0,0.3414984,96.0,61.0,0.7086568,145.0,169.0,0.8562841,127.0,168.0,0.87142414,129.0,214.0,0.80299765,113.0,212.0,0.91481644,135.0,242.0,0.8150711,122.0,238.0,0.77877426
guy3_chair081_flipped.jpg,134.0,102.0,0.721529,136.0,97.0,0.3598339,129.0,98.0,0.7003621,136.0,97.0,0.5275117,119.0,98.0,0.5695956,143.0,111.0,0.7917815,109.0,109.0,0.71992785,158.0,84.0,0.6403675,103.0,83.0,0.8782274,161.0,60.0,0.5907072,108.0,61.0,0.4148585,133.0,167.0,0.7609836,113.0,169.0,0.8687611,143.0,212.0,0.90740454,126.0,214.0,0.879685,132.0,237.0,0.809309,121.0,242.0,0.83771706
guy3_chair082.jpg,121.0,103.0,0.67128444,126.0,99.0,0.9018334,119.0,98.0,0.81177264,136.0,99.0,0.90045446,120.0,98.0,0.75981694,146.0,110.0,0.85454655,114.0,113.0,0.6947832,151.0,84.0,0.76049376,96.0,83.0,0.75995946,148.0,65.0,0.44800478,95.0,65.0,0.3755027,145.0,168.0,0.87439257,126.0,168.0,0.867078,130.0,214.0,0.84008807,112.0,212.0,0.9147325,135.0,241.0,0.7909802,122.0,237.0,0.7806204
guy3_chair082_flipped.jpg,134.0,103.0,0.7950534,136.0,98.0,0.576768,129.0,98.0,0.4828184,136.0,98.0,0.4796002,120.0,98.0,0.64387393,144.0,109.0,0.79156995,109.0,109.0,0.8615584,159.0,84.0,0.6589594,104.0,83.0,0.7697963,162.0,60.0,0.6387858,109.0,61.0,0.44257808,132.0,168.0,0.6575613,112.0,170.0,0.8206999,144.0,211.0,0.93203056,125.0,212.0,0.8980415,133.0,237.0,0.8477849,121.0,241.0,0.8806619
guy3_chair083.jpg,121.0,104.0,0.8306037,125.0,101.0,0.82441354,119.0,99.0,0.75585645,134.0,100.0,0.88986117,119.0,98.0,0.6784818,145.0,112.0,0.82996845,114.0,113.0,0.7908513,151.0,85.0,0.79812396,97.0,86.0,0.6901865,147.0,67.0,0.25120604,93.0,67.0,0.5109736,145.0,170.0,0.7287581,128.0,170.0,0.76243377,129.0,212.0,0.90444595,111.0,212.0,0.87339205,135.0,240.0,0.70144373,122.0,236.0,0.72878456
guy3_chair083_flipped.jpg,136.0,104.0,0.5803874,138.0,99.0,0.6640041,132.0,100.0,0.6910815,136.0,99.0,0.48742473,122.0,100.0,0.44376254,143.0,112.0,0.71108437,110.0,111.0,0.81140065,160.0,87.0,0.60814464,105.0,85.0,0.78987545,163.0,62.0,0.6721746,110.0,63.0,0.34233823,132.0,169.0,0.7705475,112.0,170.0,0.8701403,145.0,209.0,0.9263161,127.0,212.0,0.9086511,135.0,238.0,0.7561789,121.0,241.0,0.86803174
guy3_chair084.jpg,120.0,105.0,0.7524345,124.0,101.0,0.8400092,118.0,100.0,0.7823342,134.0,100.0,0.682105,118.0,99.0,0.80965036,145.0,112.0,0.69821554,113.0,114.0,0.8123016,149.0,85.0,0.6755012,95.0,85.0,0.67738295,145.0,65.0,0.66469026,92.0,65.0,0.31508094,145.0,170.0,0.741624,128.0,170.0,0.76846224,128.0,211.0,0.8833744,111.0,211.0,0.85246015,134.0,240.0,0.6991916,122.0,235.0,0.7735601
guy3_chair084_flipped.jpg,137.0,106.0,0.7775569,139.0,100.0,0.639284,132.0,101.0,0.7420255,137.0,100.0,0.6081959,122.0,100.0,0.7148999,144.0,112.0,0.7106176,111.0,111.0,0.825172,160.0,86.0,0.78407764,107.0,86.0,0.7460189,165.0,62.0,0.52830756,112.0,63.0,0.57750475,131.0,169.0,0.7940588,111.0,171.0,0.87625635,146.0,209.0,0.89664483,127.0,211.0,0.9016332,135.0,236.0,0.8437868,121.0,240.0,0.86130416
guy3_chair085.jpg,118.0,106.0,0.7831114,123.0,101.0,0.82374644,116.0,100.0,0.82395697,133.0,101.0,0.8490623,117.0,99.0,0.70992017,144.0,111.0,0.80379677,113.0,115.0,0.84143823,148.0,86.0,0.59821415,95.0,87.0,0.8764459,144.0,66.0,0.46269178,90.0,63.0,0.50924206,147.0,170.0,0.7125524,129.0,170.0,0.7313988,128.0,211.0,0.62736106,110.0,209.0,0.8114416,135.0,239.0,0.8705378,122.0,233.0,0.7748686
guy3_chair085_flipped.jpg,138.0,105.0,0.51953804,140.0,100.0,0.81221443,133.0,101.0,0.83369076,137.0,101.0,0.7165108,124.0,101.0,0.8348824,144.0,115.0,0.7961238,111.0,111.0,0.8394526,161.0,87.0,0.70572436,108.0,87.0,0.8420683,166.0,65.0,0.6362717,113.0,65.0,0.2996654,130.0,168.0,0.73675853,110.0,170.0,0.8524771,146.0,206.0,0.9298485,127.0,209.0,0.8958171,133.0,235.0,0.86019063,121.0,238.0,0.84472775
guy3_chair086.jpg,117.0,107.0,0.5210638,122.0,102.0,0.8668059,115.0,101.0,0.7788435,132.0,102.0,0.9000771,116.0,100.0,0.76867706,143.0,112.0,0.7790117,113.0,115.0,0.7447508,147.0,88.0,0.7162196,94.0,86.0,0.6611213,143.0,68.0,0.4322965,90.0,69.0,0.549796,147.0,169.0,0.84770155,130.0,169.0,0.84429973,128.0,210.0,0.9111811,109.0,207.0,0.81507856,134.0,238.0,0.85028064,122.0,233.0,0.8160808
guy3_chair086_flipped.jpg,139.0,107.0,0.77017957,140.0,102.0,0.656083,133.0,103.0,0.79067886,137.0,101.0,0.614723,123.0,102.0,0.691839,143.0,115.0,0.80552423,112.0,113.0,0.6564933,163.0,87.0,0.7686647,109.0,89.0,0.7869999,167.0,66.0,0.51526487,114.0,66.0,0.3488143,130.0,169.0,0.8232492,109.0,170.0,0.866447,147.0,205.0,0.84933054,127.0,210.0,0.8861571,134.0,233.0,0.84935725,122.0,239.0,0.84799737
guy3_chair087.jpg,115.0,107.0,0.7243527,120.0,103.0,0.73470247,114.0,102.0,0.8071518,130.0,102.0,0.65261066,116.0,99.0,0.69773525,142.0,113.0,0.806372,112.0,115.0,0.77960813,145.0,88.0,0.6221545,92.0,87.0,0.760663,141.0,67.0,0.22974972,88.0,68.0,0.57163084,147.0,171.0,0.89474815,130.0,170.0,0.72684395,127.0,208.0,0.92202145,110.0,205.0,0.9240669,135.0,238.0,0.7625744,122.0,233.0,0.68240815
guy3_chair087_flipped.jpg,140.0,107.0,0.8050334,141.0,102.0,0.5705602,135.0,103.0,0.605404,139.0,102.0,0.44015098,125.0,102.0,0.7834974,144.0,115.0,0.76849234,113.0,113.0,0.8766811,164.0,87.0,0.7899887,110.0,88.0,0.8363241,169.0,68.0,0.5192955,116.0,67.0,0.31410766,129.0,168.0,0.7901921,108.0,170.0,0.86169255,148.0,203.0,0.8608776,128.0,207.0,0.9353589,132.0,233.0,0.6836214,121.0,238.0,0.8622019
guy3_chair088.jpg,115.0,109.0,0.59653187,120.0,104.0,0.8851906,113.0,103.0,0.79132396,130.0,103.0,0.9043197,115.0,102.0,0.6901239,142.0,114.0,0.6908895,112.0,117.0,0.649928,144.0,88.0,0.89497197,93.0,89.0,0.7412934,138.0,67.0,0.43423396,87.0,68.0,0.58393955,148.0,170.0,0.86130357,131.0,169.0,0.59143925,127.0,206.0,0.8228681,110.0,204.0,0.86768204,135.0,235.0,0.80997837,122.0,231.0,0.6974508
guy3_chair088_flipped.jpg,140.0,108.0,0.7425598,142.0,103.0,0.49102825,135.0,103.0,0.6545576,139.0,102.0,0.6585076,125.0,103.0,0.6504104,144.0,116.0,0.63089955,114.0,114.0,0.84569484,163.0,90.0,0.74812984,112.0,89.0,0.789443,169.0,67.0,0.5660683,117.0,68.0,0.24772896,129.0,168.0,0.8206101,108.0,170.0,0.85127115,148.0,201.0,0.8848263,129.0,206.0,0.9082051,133.0,231.0,0.7631595,121.0,234.0,0.8397293
guy3_chair089.jpg,114.0,108.0,0.7891371,119.0,104.0,0.831901,113.0,103.0,0.6786456,129.0,103.0,0.73357874,116.0,102.0,0.6256782,141.0,114.0,0.66576016,112.0,117.0,0.7146435,142.0,87.0,0.76496387,93.0,90.0,0.49915245,136.0,68.0,0.33153716,87.0,67.0,0.5762728,149.0,171.0,0.9073111,131.0,170.0,0.73784715,128.0,205.0,0.8262625,109.0,203.0,0.8649361,134.0,234.0,0.8612315,122.0,232.0,0.85811067
guy3_chair089_flipped.jpg,141.0,108.0,0.7708433,143.0,103.0,0.49905524,137.0,103.0,0.5572446,140.0,103.0,0.43202743,127.0,103.0,0.8001586,144.0,116.0,0.7079344,114.0,112.0,0.80750775,165.0,88.0,0.77593935,114.0,87.0,0.7020304,169.0,65.0,0.51448864,120.0,68.0,0.23626636,128.0,167.0,0.77876955,108.0,169.0,0.86804974,148.0,199.0,0.9402191,128.0,204.0,0.8979212,133.0,232.0,0.7456864,122.0,234.0,0.7678526
guy3_chair090.jpg,113.0,109.0,0.7367364,118.0,105.0,0.6519556,111.0,103.0,0.61430967,129.0,103.0,0.8826772,114.0,100.0,0.73573303,141.0,115.0,0.72687715,112.0,116.0,0.6171184,140.0,89.0,0.66466594,92.0,88.0,0.7267165,134.0,68.0,0.6845117,85.0,67.0,0.5356973,150.0,169.0,0.882921,133.0,168.0,0.81031865,127.0,204.0,0.8592689,108.0,200.0,0.92197853,134.0,234.0,0.84262943,122.0,230.0,0.75942355
guy3_chair090_flipped.jpg,142.0,108.0,0.7484497,144.0,103.0,0.5717802,137.0,104.0,0.72933125,141.0,103.0,0.5529572,127.0,103.0,0.57586724,145.0,116.0,0.8178933,115.0,113.0,0.8860684,165.0,89.0,0.7775037,115.0,89.0,0.6767318,172.0,69.0,0.6599505,122.0,68.0,0.48681343,127.0,167.0,0.77263063,107.0,168.0,0.8613471,149.0,199.0,0.89533836,130.0,203.0,0.92796046,134.0,231.0,0.69579935,123.0,234.0,0.8037119
guy3_chair091.jpg,113.0,108.0,0.7866895,118.0,104.0,0.76366746,111.0,102.0,0.7764251,129.0,103.0,0.6931914,114.0,100.0,0.7459821,141.0,114.0,0.80296755,111.0,114.0,0.68281674,138.0,88.0,0.72584766,91.0,90.0,0.77184045,133.0,70.0,0.42772013,84.0,69.0,0.7213237,151.0,169.0,0.90719247,133.0,167.0,0.8354029,127.0,202.0,0.9182427,109.0,198.0,0.88433516,134.0,233.0,0.89179826,122.0,230.0,0.8552955
guy3_chair091_flipped.jpg,142.0,108.0,0.5299534,145.0,103.0,0.81769836,138.0,103.0,0.89497143,143.0,103.0,0.66620517,127.0,103.0,0.7826812,146.0,115.0,0.8011031,115.0,112.0,0.8549333,166.0,87.0,0.70267963,118.0,88.0,0.5465929,174.0,66.0,0.6918454,124.0,66.0,0.6159074,127.0,166.0,0.78039616,106.0,168.0,0.86268973,149.0,197.0,0.91333944,130.0,201.0,0.8699719,134.0,230.0,0.77612835,122.0,232.0,0.76414275
guy3_chair092.jpg,112.0,107.0,0.58070123,117.0,103.0,0.7838693,111.0,101.0,0.8234411,128.0,102.0,0.8132978,114.0,99.0,0.6523659,140.0,112.0,0.7385676,111.0,114.0,0.579389,137.0,85.0,0.61259204,91.0,89.0,0.78644156,130.0,69.0,0.3738532,83.0,68.0,0.6640798,150.0,169.0,0.90767026,133.0,167.0,0.80977935,126.0,200.0,0.83674246,108.0,196.0,0.7871218,134.0,231.0,0.9167061,122.0,229.0,0.890022
guy3_chair092_flipped.jpg,143.0,107.0,0.6008785,145.0,102.0,0.65423167,138.0,103.0,0.797873,143.0,102.0,0.6534629,127.0,102.0,0.8337529,145.0,114.0,0.7709598,115.0,111.0,0.8466398,166.0,88.0,0.7870836,119.0,84.0,0.5638147,174.0,63.0,0.6421697,127.0,66.0,0.6895001,127.0,165.0,0.7544887,107.0,168.0,0.9033381,149.0,195.0,0.91452044,130.0,200.0,0.84517336,133.0,228.0,0.5256746,124.0,231.0,0.68956864
guy3_chair093.jpg,111.0,107.0,0.79933524,116.0,102.0,0.6482512,110.0,101.0,0.70126116,128.0,101.0,0.9101724,114.0,98.0,0.57265043,140.0,113.0,0.8802486,112.0,114.0,0.6170147,136.0,87.0,0.67162234,91.0,90.0,0.7789038,128.0,69.0,0.5103256,82.0,68.0,0.73894083,152.0,169.0,0.8939788,135.0,168.0,0.72651243,126.0,199.0,0.89717835,108.0,194.0,0.63733846,133.0,230.0,0.61377823,121.0,228.0,0.76903117
guy3_chair093_flipped.jpg,143.0,107.0,0.7156135,146.0,101.0,0.778484,139.0,102.0,0.7692282,143.0,101.0,0.6836239,128.0,101.0,0.827274,146.0,111.0,0.67727494,116.0,110.0,0.797318,167.0,86.0,0.77916974,121.0,86.0,0.5686796,175.0,64.0,0.7380418,128.0,64.0,0.6679503,126.0,164.0,0.8772922,106.0,166.0,0.9040543,149.0,192.0,0.7127338,131.0,198.0,0.78777295,133.0,227.0,0.72204626,123.0,229.0,0.78579324
guy3_chair094.jpg,110.0,106.0,0.8062794,115.0,102.0,0.63141143,109.0,100.0,0.8366022,127.0,101.0,0.85621846,112.0,97.0,0.6450901,139.0,112.0,0.8668389,110.0,112.0,0.5887705,134.0,86.0,0.59456956,91.0,90.0,0.5551175,126.0,67.0,0.60160637,80.0,66.0,0.6960774,151.0,168.0,0.9113089,135.0,166.0,0.7386284,125.0,196.0,0.7028932,108.0,193.0,0.87597024,133.0,229.0,0.8937403,121.0,225.0,0.8665048
guy3_chair094_flipped.jpg,144.0,105.0,0.4579311,146.0,100.0,0.8392714,139.0,101.0,0.88568103,143.0,99.0,0.6151372,129.0,100.0,0.7616502,146.0,110.0,0.6727044,116.0,110.0,0.8107049,168.0,85.0,0.7778427,121.0,87.0,0.70609546,177.0,64.0,0.7292797,130.0,63.0,0.71094716,124.0,164.0,0.75409925,104.0,166.0,0.9107199,149.0,190.0,0.7312279,131.0,196.0,0.849555,133.0,227.0,0.7230805,123.0,228.0,0.8090614
guy3_chair095.jpg,110.0,105.0,0.8230783,115.0,100.0,0.72473985,109.0,99.0,0.7870512,127.0,99.0,0.76822317,112.0,97.0,0.76733345,139.0,111.0,0.87298536,111.0,112.0,0.77094364,133.0,84.0,0.5989796,90.0,90.0,0.7216032,122.0,61.0,0.358039,79.0,63.0,0.5848912,151.0,168.0,0.8988288,136.0,166.0,0.6558355,124.0,195.0,0.758684,108.0,191.0,0.78557533,133.0,226.0,0.83629,122.0,225.0,0.8461089
guy3_chair095_flipped.jpg,145.0,106.0,0.78168064,148.0,100.0,0.8163552,141.0,100.0,0.7552907,145.0,99.0,0.6994611,129.0,99.0,0.8408694,146.0,110.0,0.7153589,117.0,109.0,0.8844828,168.0,87.0,0.76943505,123.0,89.0,0.6729198,178.0,63.0,0.5568797,133.0,63.0,0.773311,124.0,163.0,0.75438315,104.0,166.0,0.9027861,150.0,189.0,0.844151,133.0,195.0,0.866138,133.0,223.0,0.62527835,124.0,226.0,0.7177832
guy3_chair096.jpg,109.0,104.0,0.8486172,114.0,99.0,0.71533483,107.0,98.0,0.6594207,126.0,99.0,0.8466128,112.0,97.0,0.79412836,139.0,110.0,0.7783158,111.0,112.0,0.7180285,132.0,83.0,0.5559184,89.0,89.0,0.77198154,121.0,65.0,0.54776424,77.0,64.0,0.5872073,152.0,167.0,0.8808626,136.0,165.0,0.7234552,125.0,193.0,0.8153711,109.0,189.0,0.85043156,133.0,225.0,0.7972809,121.0,222.0,0.80990124
guy3_chair096_flipped.jpg,147.0,104.0,0.62432206,149.0,99.0,0.84062904,141.0,99.0,0.8866765,146.0,98.0,0.6899437,130.0,98.0,0.83278245,146.0,109.0,0.7295816,118.0,108.0,0.87085,168.0,88.0,0.6174301,124.0,88.0,0.5103895,180.0,63.0,0.6534583,134.0,63.0,0.7766585,123.0,162.0,0.87312245,105.0,164.0,0.9031929,150.0,187.0,0.8609241,133.0,194.0,0.90938205,134.0,221.0,0.5268588,124.0,225.0,0.80877787
guy3_chair097.jpg,109.0,103.0,0.82051516,114.0,98.0,0.8294585,107.0,97.0,0.8071041,125.0,97.0,0.77293897,110.0,96.0,0.8058889,137.0,109.0,0.8621969,111.0,109.0,0.5768714,129.0,82.0,0.44485036,88.0,88.0,0.75013304,119.0,64.0,0.3533283,75.0,63.0,0.7681755,153.0,166.0,0.8482431,136.0,165.0,0.78442925,123.0,193.0,0.79858315,108.0,189.0,0.68231046,133.0,224.0,0.83487004,121.0,221.0,0.7731059
guy3_chair097_flipped.jpg,146.0,103.0,0.6357815,149.0,97.0,0.781474,141.0,98.0,0.90821314,146.0,97.0,0.6977943,130.0,96.0,0.7056484,146.0,108.0,0.68752444,118.0,106.0,0.94835323,169.0,87.0,0.72190374,125.0,86.0,0.36831486,180.0,63.0,0.66058457,136.0,62.0,0.6441205,121.0,161.0,0.80939776,104.0,163.0,0.9118015,150.0,186.0,0.9030559,133.0,191.0,0.781286,134.0,220.0,0.7062352,123.0,224.0,0.766348
guy3_chair098.jpg,109.0,102.0,0.79899347,114.0,97.0,0.87206316,107.0,96.0,0.8238088,125.0,96.0,0.8551709,111.0,95.0,0.78386056,137.0,107.0,0.80536175,111.0,108.0,0.5085789,128.0,79.0,0.47840112,87.0,87.0,0.7729043,118.0,64.0,0.40307367,75.0,62.0,0.53500825,153.0,165.0,0.9310837,137.0,163.0,0.7237164,124.0,190.0,0.8835475,108.0,187.0,0.8516978,133.0,223.0,0.90381044,121.0,219.0,0.840667
guy3_chair098_flipped.jpg,147.0,101.0,0.76613474,149.0,96.0,0.7429385,142.0,96.0,0.7511576,146.0,95.0,0.582223,131.0,95.0,0.77896774,147.0,106.0,0.65658873,118.0,105.0,0.9321762,171.0,86.0,0.73077536,128.0,81.0,0.47204545,182.0,60.0,0.69399583,138.0,61.0,0.49530157,122.0,160.0,0.8735127,104.0,162.0,0.9042344,150.0,185.0,0.77189326,134.0,190.0,0.91821545,133.0,219.0,0.70800596,124.0,222.0,0.86903507
guy3_chair099.jpg,109.0,101.0,0.63345593,114.0,95.0,0.85843664,107.0,95.0,0.8325164,125.0,94.0,0.8928606,111.0,94.0,0.782048,137.0,106.0,0.70590055,112.0,108.0,0.55587184,127.0,80.0,0.58261466,87.0,86.0,0.8434984,116.0,61.0,0.47099683,74.0,61.0,0.67723465,154.0,163.0,0.8837983,138.0,162.0,0.75315905,123.0,189.0,0.7808794,107.0,186.0,0.87655795,133.0,221.0,0.89376235,121.0,217.0,0.6605234
guy3_chair099_flipped.jpg,147.0,101.0,0.6343802,149.0,95.0,0.76273423,142.0,95.0,0.7500211,146.0,95.0,0.6185898,131.0,94.0,0.8179688,147.0,106.0,0.7293211,118.0,105.0,0.9344843,171.0,85.0,0.7563191,128.0,83.0,0.49929926,183.0,61.0,0.5312151,139.0,60.0,0.64451873,121.0,159.0,0.8455829,104.0,161.0,0.9066285,150.0,183.0,0.7481158,134.0,188.0,0.8154198,132.0,218.0,0.6140499,124.0,221.0,0.8448137
guy3_chair100.jpg,108.0,99.0,0.77581996,112.0,93.0,0.7464676,106.0,93.0,0.7696539,123.0,92.0,0.8839586,110.0,91.0,0.73540676,135.0,104.0,0.8619045,109.0,105.0,0.7402236,126.0,77.0,0.517575,86.0,84.0,0.79338896,116.0,60.0,0.48819172,74.0,61.0,0.5894435,153.0,162.0,0.9298619,138.0,161.0,0.733772,123.0,187.0,0.86955386,106.0,182.0,0.8102799,132.0,219.0,0.76249546,121.0,216.0,0.82463646
guy3_chair100_flipped.jpg,148.0,99.0,0.7262405,149.0,93.0,0.8028679,144.0,93.0,0.84869003,145.0,92.0,0.69196326,132.0,92.0,0.80622554,147.0,103.0,0.7367598,119.0,102.0,0.7720271,169.0,85.0,0.68295795,130.0,82.0,0.48579487,182.0,60.0,0.60929984,141.0,56.0,0.6290739,122.0,157.0,0.87275,104.0,159.0,0.8079419,151.0,181.0,0.80160767,135.0,187.0,0.8135811,134.0,216.0,0.71137273,124.0,220.0,0.88591236
guy3_chair101.jpg,108.0,96.0,0.74003446,112.0,91.0,0.7516792,106.0,91.0,0.821265,122.0,91.0,0.78613216,111.0,90.0,0.81774485,135.0,103.0,0.81693053,112.0,105.0,0.6581433,127.0,79.0,0.65458715,88.0,84.0,0.6762353,114.0,56.0,0.5520531,73.0,57.0,0.68825555,153.0,161.0,0.86726475,139.0,159.0,0.71477103,123.0,185.0,0.9089864,107.0,182.0,0.8084651,132.0,218.0,0.7990352,121.0,215.0,0.8338727
guy3_chair101_flipped.jpg,148.0,97.0,0.8208267,149.0,92.0,0.69170904,143.0,92.0,0.7986565,145.0,90.0,0.5586939,133.0,90.0,0.51692843,146.0,103.0,0.67474896,120.0,101.0,0.93706596,170.0,82.0,0.5953487,131.0,78.0,0.5554694,183.0,57.0,0.5706916,142.0,56.0,0.59235126,121.0,156.0,0.8567741,104.0,158.0,0.7836993,151.0,179.0,0.8332229,135.0,185.0,0.81837183,134.0,214.0,0.6683971,125.0,218.0,0.869922
guy3_chair102.jpg,108.0,95.0,0.5515305,112.0,90.0,0.79639626,106.0,90.0,0.8175651,123.0,89.0,0.8552138,111.0,89.0,0.81269777,135.0,101.0,0.8207972,111.0,103.0,0.6553147,124.0,75.0,0.67211246,88.0,82.0,0.75820255,113.0,54.0,0.6030601,73.0,55.0,0.69204974,153.0,159.0,0.84632725,138.0,158.0,0.7410619,122.0,183.0,0.88958085,106.0,180.0,0.7817042,132.0,216.0,0.824268,122.0,214.0,0.8586772
guy3_chair102_flipped.jpg,148.0,96.0,0.69503427,149.0,91.0,0.8182552,144.0,91.0,0.8689164,144.0,90.0,0.55527484,133.0,89.0,0.7623398,146.0,102.0,0.7862782,120.0,100.0,0.9475347,169.0,82.0,0.5829494,133.0,75.0,0.57947963,183.0,56.0,0.6074368,141.0,53.0,0.6070626,121.0,155.0,0.8552621,103.0,157.0,0.7957498,151.0,178.0,0.87913054,135.0,184.0,0.818627,133.0,213.0,0.65309596,124.0,217.0,0.8875998
guy3_chair103.jpg,108.0,94.0,0.6012897,113.0,89.0,0.79948115,106.0,89.0,0.80219203,123.0,88.0,0.8665736,111.0,88.0,0.8226215,135.0,100.0,0.84352636,112.0,101.0,0.6302886,125.0,74.0,0.70893157,88.0,80.0,0.6022272,112.0,54.0,0.7506593,73.0,52.0,0.6719473,153.0,159.0,0.8411582,139.0,156.0,0.6701715,121.0,181.0,0.82793653,107.0,178.0,0.6792859,133.0,214.0,0.8773419,122.0,212.0,0.85718167
guy3_chair103_flipped.jpg,148.0,94.0,0.76617336,149.0,89.0,0.7664704,144.0,89.0,0.75125384,143.0,88.0,0.5554654,133.0,87.0,0.6668677,145.0,100.0,0.7131835,120.0,99.0,0.783169,167.0,82.0,0.5927649,132.0,77.0,0.51623595,183.0,54.0,0.6744293,142.0,53.0,0.79832226,120.0,153.0,0.6992614,102.0,156.0,0.74450755,150.0,176.0,0.833177,135.0,181.0,0.67995,132.0,212.0,0.6135185,123.0,216.0,0.68958247
guy3_chair104.jpg,108.0,92.0,0.8366586,112.0,87.0,0.5932176,106.0,87.0,0.6772441,122.0,86.0,0.77529436,111.0,86.0,0.6713166,136.0,99.0,0.6514305,113.0,101.0,0.566688,125.0,73.0,0.69920063,88.0,79.0,0.7109305,111.0,50.0,0.81281173,73.0,51.0,0.62637913,154.0,157.0,0.80736804,139.0,154.0,0.6598507,122.0,180.0,0.8101382,107.0,176.0,0.83397925,132.0,212.0,0.54760534,121.0,210.0,0.8340861
guy3_chair104_flipped.jpg,149.0,93.0,0.80749834,150.0,88.0,0.8325959,145.0,87.0,0.7803061,144.0,87.0,0.54260707,134.0,86.0,0.77224636,145.0,100.0,0.80873775,120.0,98.0,0.772037,168.0,80.0,0.6778796,133.0,77.0,0.6217116,182.0,54.0,0.6761235,142.0,51.0,0.84132516,119.0,153.0,0.76029015,102.0,155.0,0.80956066,150.0,175.0,0.86483747,135.0,180.0,0.72177386,133.0,212.0,0.70795214,125.0,214.0,0.8119211
guy3_chair105.jpg,108.0,91.0,0.8263932,112.0,86.0,0.67672974,106.0,86.0,0.644883,122.0,85.0,0.8023029,111.0,85.0,0.6659429,135.0,98.0,0.79329526,113.0,100.0,0.5669824,124.0,72.0,0.71035576,88.0,79.0,0.8125309,112.0,49.0,0.7014394,73.0,52.0,0.7801647,153.0,156.0,0.85714906,139.0,153.0,0.6956583,121.0,179.0,0.8289263,106.0,175.0,0.8471875,132.0,210.0,0.7150042,121.0,209.0,0.63569915
guy3_chair105_flipped.jpg,148.0,92.0,0.70370305,149.0,86.0,0.83818686,144.0,87.0,0.83144695,143.0,85.0,0.6409022,133.0,85.0,0.80121636,144.0,98.0,0.7585965,120.0,96.0,0.84901386,167.0,80.0,0.7092428,131.0,77.0,0.4892265,180.0,54.0,0.79868263,141.0,51.0,0.83167356,118.0,152.0,0.70176405,101.0,154.0,0.767598,150.0,173.0,0.8488071,135.0,178.0,0.87797874,133.0,211.0,0.77029264,122.0,213.0,0.6868666
guy3_chair106.jpg,108.0,90.0,0.7829213,112.0,85.0,0.8918434,106.0,84.0,0.74953425,123.0,85.0,0.8718453,112.0,84.0,0.82166946,135.0,98.0,0.8843815,114.0,99.0,0.5487154,125.0,72.0,0.70358306,89.0,78.0,0.75068647,111.0,49.0,0.6573039,74.0,53.0,0.7536864,154.0,156.0,0.82985216,140.0,153.0,0.7355726,121.0,177.0,0.87537897,107.0,174.0,0.8363978,132.0,209.0,0.78628105,122.0,207.0,0.7124132
guy3_chair106_flipped.jpg,148.0,90.0,0.6350448,149.0,85.0,0.8188729,144.0,85.0,0.88109523,143.0,84.0,0.6715509,134.0,83.0,0.76007646,144.0,97.0,0.8110771,120.0,94.0,0.7662594,166.0,79.0,0.7555682,133.0,71.0,0.6012237,181.0,54.0,0.72387624,144.0,47.0,0.54527354,117.0,151.0,0.72087395,101.0,153.0,0.8687179,150.0,172.0,0.9175023,135.0,176.0,0.69781864,133.0,210.0,0.7932096,122.0,212.0,0.79131866
guy3_chair107.jpg,108.0,88.0,0.76901615,112.0,83.0,0.8796366,107.0,83.0,0.7718862,123.0,83.0,0.86817396,112.0,82.0,0.8309853,136.0,95.0,0.62532246,114.0,96.0,0.6978735,121.0,65.0,0.7179059,89.0,76.0,0.72525096,109.0,48.0,0.5591661,74.0,48.0,0.68232125,155.0,154.0,0.8625119,141.0,152.0,0.6791456,121.0,175.0,0.7562021,107.0,173.0,0.8330022,132.0,208.0,0.75523484,123.0,207.0,0.91479456
guy3_chair107_flipped.jpg,148.0,88.0,0.7201943,148.0,84.0,0.61103714,144.0,83.0,0.75526905,141.0,83.0,0.7166998,133.0,82.0,0.7763118,143.0,97.0,0.5589876,120.0,93.0,0.9433545,165.0,78.0,0.67838687,133.0,67.0,0.53818333,180.0,51.0,0.73324895,144.0,48.0,0.59356946,116.0,150.0,0.69918,100.0,152.0,0.8094953,149.0,170.0,0.68585473,135.0,174.0,0.6944517,131.0,208.0,0.73050773,123.0,211.0,0.8119198
guy3_chair108.jpg,108.0,87.0,0.771994,112.0,82.0,0.8735464,107.0,82.0,0.7928973,123.0,81.0,0.8746599,113.0,81.0,0.82919997,136.0,94.0,0.62888587,115.0,96.0,0.74477875,122.0,66.0,0.72151756,91.0,78.0,0.66707194,108.0,44.0,0.6946862,74.0,49.0,0.67617226,155.0,153.0,0.86890066,142.0,151.0,0.66299945,121.0,174.0,0.8200064,107.0,172.0,0.7897146,133.0,207.0,0.69252074,123.0,205.0,0.7431726
guy3_chair108_flipped.jpg,148.0,87.0,0.7384846,148.0,82.0,0.70796144,144.0,82.0,0.8288406,141.0,81.0,0.7410507,133.0,80.0,0.6252712,142.0,95.0,0.586437,119.0,92.0,0.7567541,164.0,78.0,0.7533989,135.0,63.0,0.7286221,179.0,51.0,0.6380582,144.0,46.0,0.71120614,113.0,149.0,0.8091054,99.0,151.0,0.71256405,148.0,169.0,0.72703075,135.0,174.0,0.79111594,131.0,206.0,0.778769,123.0,210.0,0.80606747
guy3_chair109.jpg,108.0,86.0,0.79651904,112.0,81.0,0.853555,108.0,80.0,0.75897056,123.0,80.0,0.86386454,113.0,79.0,0.8209009,135.0,92.0,0.8334963,115.0,94.0,0.72774345,123.0,65.0,0.56387687,91.0,75.0,0.8159742,109.0,43.0,0.83004475,75.0,48.0,0.7553609,155.0,152.0,0.86802644,142.0,149.0,0.68503,121.0,172.0,0.8946767,108.0,169.0,0.8588301,133.0,205.0,0.80768025,123.0,204.0,0.6986201
guy3_chair109_flipped.jpg,147.0,86.0,0.7757156,147.0,81.0,0.8105041,143.0,81.0,0.8976968,141.0,80.0,0.70325327,133.0,79.0,0.76250935,141.0,94.0,0.6535237,119.0,90.0,0.739903,165.0,76.0,0.7469293,135.0,63.0,0.67514783,179.0,51.0,0.7863076,144.0,44.0,0.7742733,111.0,149.0,0.74261,99.0,151.0,0.7594782,147.0,169.0,0.8847674,133.0,173.0,0.7545618,131.0,205.0,0.73278075,122.0,208.0,0.82971275
guy3_chair110.jpg,108.0,84.0,0.71697235,112.0,79.0,0.8199016,108.0,79.0,0.8258986,123.0,79.0,0.79836994,114.0,78.0,0.7222214,136.0,92.0,0.8232573,116.0,93.0,0.7289156,122.0,66.0,0.64738816,92.0,74.0,0.65264714,107.0,43.0,0.71028656,76.0,47.0,0.7610079,156.0,151.0,0.8817451,142.0,148.0,0.7241453,121.0,171.0,0.839022,108.0,168.0,0.70757526,133.0,203.0,0.64408374,123.0,201.0,0.796705
guy3_chair110_flipped.jpg,147.0,85.0,0.62855136,147.0,80.0,0.8740826,143.0,80.0,0.8977935,139.0,79.0,0.7443564,133.0,78.0,0.78967786,140.0,93.0,0.69661105,119.0,89.0,0.74662286,163.0,77.0,0.6254169,133.0,65.0,0.5023594,178.0,49.0,0.77583885,145.0,43.0,0.7951209,111.0,148.0,0.6953732,97.0,150.0,0.83849555,146.0,168.0,0.8250845,134.0,172.0,0.67390954,132.0,204.0,0.7726893,120.0,207.0,0.8137843
guy3_chair111.jpg,109.0,84.0,0.7852091,113.0,79.0,0.83109593,108.0,79.0,0.7501234,124.0,79.0,0.8384105,114.0,78.0,0.81206834,135.0,91.0,0.829147,116.0,93.0,0.778897,123.0,65.0,0.64671564,92.0,73.0,0.7836716,109.0,42.0,0.70526814,76.0,47.0,0.70870554,156.0,150.0,0.8452332,143.0,148.0,0.6269916,121.0,170.0,0.87286806,108.0,168.0,0.8566367,134.0,203.0,0.83952093,123.0,201.0,0.8029725
guy3_chair111_flipped.jpg,146.0,83.0,0.572486,146.0,79.0,0.72902447,142.0,79.0,0.8830973,139.0,77.0,0.68015003,132.0,76.0,0.8016504,141.0,91.0,0.6727313,119.0,88.0,0.7072965,163.0,75.0,0.6420407,133.0,66.0,0.5831324,177.0,49.0,0.82186073,145.0,42.0,0.85065556,111.0,146.0,0.7931808,97.0,147.0,0.7543426,147.0,166.0,0.7247815,135.0,170.0,0.81872547,131.0,202.0,0.65472925,121.0,205.0,0.88144577
guy3_chair112.jpg,110.0,84.0,0.7628962,113.0,79.0,0.7006798,110.0,78.0,0.7014102,124.0,78.0,0.8001047,117.0,77.0,0.6208918,136.0,89.0,0.8546708,118.0,92.0,0.74875784,124.0,64.0,0.7193824,94.0,74.0,0.60423946,109.0,41.0,0.82615715,78.0,48.0,0.6297735,157.0,150.0,0.84558964,144.0,148.0,0.5928235,122.0,169.0,0.6635728,110.0,166.0,0.8356873,135.0,202.0,0.8207253,125.0,200.0,0.8559154
guy3_chair112_flipped.jpg,146.0,83.0,0.44448882,146.0,78.0,0.710618,142.0,78.0,0.6722456,138.0,77.0,0.78093755,132.0,76.0,0.81099373,139.0,91.0,0.56069076,119.0,87.0,0.7687396,161.0,76.0,0.521296,132.0,66.0,0.58212996,178.0,47.0,0.7726947,145.0,42.0,0.8754399,112.0,145.0,0.5381919,96.0,147.0,0.8429079,146.0,165.0,0.9069002,135.0,168.0,0.7335225,129.0,203.0,0.6738975,119.0,206.0,0.79843545
guy3_chair113.jpg,110.0,82.0,0.5995111,114.0,77.0,0.79466695,110.0,77.0,0.7808628,125.0,77.0,0.8127862,117.0,76.0,0.67686623,137.0,89.0,0.7737226,117.0,90.0,0.613269,124.0,64.0,0.6237259,93.0,71.0,0.76590526,110.0,40.0,0.76467097,78.0,45.0,0.6701106,158.0,148.0,0.875212,144.0,146.0,0.72757286,123.0,168.0,0.82136106,110.0,166.0,0.75252336,135.0,201.0,0.842986,125.0,198.0,0.7485211
guy3_chair113_flipped.jpg,145.0,83.0,0.6379698,146.0,78.0,0.7742308,142.0,78.0,0.79469746,140.0,78.0,0.41923627,131.0,77.0,0.59408855,138.0,90.0,0.58219755,120.0,87.0,0.6142512,163.0,73.0,0.31765127,132.0,63.0,0.4650125,177.0,46.0,0.6518793,144.0,41.0,0.5712496,113.0,144.0,0.49977383,99.0,147.0,0.7072991,145.0,165.0,0.8490469,133.0,168.0,0.6152196,128.0,202.0,0.5883198,119.0,204.0,0.684669
guy3_chair114.jpg,111.0,82.0,0.5900149,114.0,78.0,0.68980944,111.0,77.0,0.7563411,125.0,77.0,0.8219549,118.0,76.0,0.6950959,138.0,89.0,0.76563054,119.0,91.0,0.60596013,123.0,62.0,0.7313767,95.0,72.0,0.7328851,111.0,41.0,0.70784813,79.0,46.0,0.6235489,160.0,148.0,0.8767306,146.0,146.0,0.68504775,123.0,167.0,0.79739606,110.0,165.0,0.7300085,136.0,201.0,0.8496848,126.0,199.0,0.7534193
guy3_chair114_flipped.jpg,145.0,83.0,0.6711526,145.0,79.0,0.66497195,142.0,78.0,0.6012583,140.0,78.0,0.41135922,131.0,76.0,0.59363616,137.0,89.0,0.5783099,119.0,88.0,0.7168018,161.0,75.0,0.40964347,130.0,68.0,0.22303447,177.0,46.0,0.5341475,145.0,41.0,0.47331926,110.0,145.0,0.70728564,96.0,147.0,0.8504832,144.0,164.0,0.8608637,133.0,168.0,0.70871013,129.0,202.0,0.6563275,118.0,205.0,0.80830425
guy3_chair115.jpg,111.0,82.0,0.7044096,115.0,77.0,0.70367694,111.0,77.0,0.64029384,126.0,76.0,0.7980013,118.0,76.0,0.5682167,138.0,87.0,0.77987605,118.0,88.0,0.7766784,124.0,64.0,0.62923026,95.0,70.0,0.5134201,111.0,40.0,0.7108743,82.0,49.0,0.24263012,161.0,148.0,0.8253758,147.0,146.0,0.82538915,123.0,166.0,0.78936505,111.0,164.0,0.77281845,136.0,199.0,0.75545555,127.0,199.0,0.7174767
guy3_chair115_flipped.jpg,145.0,82.0,0.5019753,145.0,78.0,0.4824195,141.0,77.0,0.43476093,141.0,77.0,0.31641266,131.0,76.0,0.54596364,137.0,89.0,0.54470134,119.0,88.0,0.5224123,161.0,72.0,0.3079238,129.0,69.0,0.2571458,177.0,46.0,0.43846577,143.0,42.0,0.52664995,112.0,143.0,0.51161486,97.0,145.0,0.7332595,144.0,163.0,0.80391693,133.0,166.0,0.46007895,128.0,201.0,0.5280833,119.0,203.0,0.642341
guy3_chair116.jpg,112.0,82.0,0.6662407,115.0,76.0,0.5557307,112.0,76.0,0.61775994,126.0,75.0,0.7611622,119.0,75.0,0.61092126,137.0,87.0,0.88710696,119.0,87.0,0.6368849,125.0,63.0,0.6513593,96.0,69.0,0.65676093,109.0,38.0,0.71840703,81.0,43.0,0.483948,161.0,148.0,0.77344835,148.0,146.0,0.7846714,125.0,165.0,0.7763275,112.0,163.0,0.7320049,138.0,200.0,0.8615068,128.0,198.0,0.8389743
guy3_chair116_flipped.jpg,144.0,82.0,0.7892739,144.0,78.0,0.679706,141.0,77.0,0.8138905,137.0,76.0,0.7796483,130.0,74.0,0.7342143,137.0,87.0,0.773651,118.0,85.0,0.7484435,159.0,72.0,0.535756,131.0,66.0,0.47415626,175.0,45.0,0.74258876,144.0,38.0,0.81557393,107.0,143.0,0.7792132,94.0,145.0,0.82196903,144.0,162.0,0.8441062,132.0,166.0,0.71528447,127.0,199.0,0.729053,118.0,201.0,0.76907265
guy3_chair117.jpg,113.0,82.0,0.6076524,116.0,76.0,0.6725676,113.0,76.0,0.61366975,127.0,74.0,0.77568495,120.0,76.0,0.7171024,138.0,86.0,0.8887419,121.0,89.0,0.82575905,124.0,62.0,0.5965655,98.0,72.0,0.6601989,110.0,37.0,0.7884376,85.0,48.0,0.55021894,162.0,147.0,0.74062747,149.0,146.0,0.7744221,125.0,166.0,0.7329021,113.0,164.0,0.7545151,137.0,198.0,0.6954695,128.0,196.0,0.7855289
guy3_chair117_flipped.jpg,143.0,82.0,0.6520183,143.0,77.0,0.777998,139.0,76.0,0.7613673,135.0,75.0,0.7440624,129.0,74.0,0.6122608,137.0,87.0,0.8048537,117.0,84.0,0.727688,159.0,71.0,0.75441676,130.0,65.0,0.3874115,174.0,46.0,0.81926847,143.0,39.0,0.80705786,107.0,142.0,0.7373396,93.0,144.0,0.8238744,143.0,161.0,0.7605574,132.0,164.0,0.63728464,125.0,199.0,0.8111247,116.0,200.0,0.87760264
guy3_chair118.jpg,113.0,83.0,0.61673,115.0,77.0,0.63253355,112.0,78.0,0.54206365,126.0,74.0,0.5624471,120.0,77.0,0.71677786,137.0,85.0,0.80622566,122.0,87.0,0.71816295,124.0,61.0,0.5160258,100.0,72.0,0.68187,109.0,37.0,0.53166825,83.0,43.0,0.5072521,163.0,146.0,0.84198385,150.0,144.0,0.8153935,125.0,165.0,0.75958264,113.0,163.0,0.81224835,139.0,198.0,0.7799705,129.0,196.0,0.7938156
guy3_chair118_flipped.jpg,143.0,83.0,0.62370753,143.0,79.0,0.7176256,140.0,78.0,0.70818746,135.0,77.0,0.56991726,129.0,76.0,0.5716229,134.0,89.0,0.6234863,117.0,85.0,0.68005466,156.0,73.0,0.53388315,129.0,66.0,0.31777424,174.0,45.0,0.6783246,143.0,39.0,0.63937545,107.0,142.0,0.63572305,93.0,144.0,0.8084591,142.0,161.0,0.83280766,131.0,165.0,0.58479977,125.0,200.0,0.6793847,117.0,202.0,0.7737604
guy3_chair119.jpg,113.0,84.0,0.62858427,116.0,79.0,0.49333766,113.0,80.0,0.6271466,126.0,75.0,0.738599,120.0,79.0,0.5700455,138.0,86.0,0.8806489,122.0,90.0,0.55420357,123.0,62.0,0.5623102,99.0,72.0,0.6533779,109.0,39.0,0.64639544,83.0,44.0,0.5726158,163.0,147.0,0.8327559,150.0,145.0,0.8073959,125.0,165.0,0.8008536,114.0,164.0,0.81564933,140.0,198.0,0.7872119,130.0,196.0,0.8507527
guy3_chair119_flipped.jpg,141.0,83.0,0.69946235,141.0,79.0,0.7865852,139.0,78.0,0.708292,134.0,77.0,0.6091671,130.0,75.0,0.7975477,134.0,89.0,0.6667048,117.0,84.0,0.70559645,156.0,71.0,0.5341253,129.0,66.0,0.41205007,172.0,45.0,0.80507636,143.0,39.0,0.6679977,106.0,142.0,0.77559775,92.0,144.0,0.8601217,142.0,161.0,0.70289195,131.0,164.0,0.7159078,124.0,199.0,0.68466747,115.0,200.0,0.74544173
guy3_chair120.jpg,115.0,84.0,0.70296675,117.0,78.0,0.55591935,115.0,80.0,0.7165343,127.0,75.0,0.76185316,122.0,79.0,0.7339168,140.0,85.0,0.9068794,124.0,90.0,0.7483782,124.0,62.0,0.5796493,102.0,73.0,0.7373525,110.0,39.0,0.69486403,84.0,46.0,0.6553448,164.0,146.0,0.83965206,151.0,144.0,0.7932058,127.0,164.0,0.7882865,115.0,163.0,0.834014,140.0,197.0,0.7915923,130.0,195.0,0.8877671
guy3_chair120_flipped.jpg,141.0,83.0,0.5905334,141.0,79.0,0.83363056,138.0,78.0,0.7953238,133.0,77.0,0.64390147,129.0,75.0,0.8070061,133.0,89.0,0.66517246,115.0,85.0,0.8130132,156.0,73.0,0.7529805,129.0,67.0,0.29975104,171.0,47.0,0.7721978,142.0,40.0,0.6288706,105.0,141.0,0.7465921,91.0,143.0,0.75728965,141.0,160.0,0.9486948,130.0,164.0,0.6366442,123.0,198.0,0.6664382,114.0,200.0,0.86312616
guy3_chair121.jpg,115.0,83.0,0.6144814,117.0,78.0,0.5256388,115.0,79.0,0.628205,128.0,75.0,0.6292604,122.0,79.0,0.74095595,140.0,85.0,0.8157766,124.0,90.0,0.7046499,125.0,62.0,0.5860836,102.0,73.0,0.6952909,111.0,41.0,0.74877954,85.0,45.0,0.5432384,164.0,146.0,0.8586005,152.0,144.0,0.840325,126.0,164.0,0.81298447,116.0,162.0,0.8482474,142.0,197.0,0.85621756,130.0,195.0,0.6286349
guy3_chair121_flipped.jpg,140.0,84.0,0.58221304,139.0,79.0,0.695745,137.0,78.0,0.79464483,130.0,77.0,0.56268436,127.0,76.0,0.62107074,131.0,90.0,0.8057431,114.0,85.0,0.84301484,153.0,73.0,0.70336413,129.0,65.0,0.5269654,169.0,47.0,0.72787535,142.0,41.0,0.74337196,102.0,142.0,0.8177012,90.0,144.0,0.7536471,140.0,160.0,0.91830635,129.0,163.0,0.6167871,123.0,198.0,0.8206806,113.0,201.0,0.81347156
guy3_chair122.jpg,116.0,81.0,0.67603695,119.0,76.0,0.77172923,116.0,77.0,0.79166216,130.0,74.0,0.64634323,124.0,76.0,0.7042196,141.0,86.0,0.8272047,125.0,89.0,0.60648096,129.0,65.0,0.34308696,102.0,73.0,0.7163905,112.0,41.0,0.6389033,86.0,44.0,0.56421006,166.0,146.0,0.7908595,152.0,144.0,0.57919765,128.0,163.0,0.8121056,116.0,161.0,0.7143941,141.0,195.0,0.65842336,132.0,194.0,0.778805
guy3_chair122_flipped.jpg,139.0,84.0,0.6883302,138.0,80.0,0.7368872,137.0,79.0,0.7981178,129.0,77.0,0.6921427,127.0,76.0,0.68622005,130.0,90.0,0.73150015,114.0,84.0,0.8282485,151.0,74.0,0.5516212,127.0,66.0,0.42835185,169.0,46.0,0.80524397,142.0,40.0,0.86319256,101.0,142.0,0.7059287,89.0,144.0,0.8359633,139.0,160.0,0.84773827,130.0,163.0,0.7786891,122.0,197.0,0.6361115,113.0,198.0,0.724829
guy3_chair123.jpg,117.0,83.0,0.63002694,120.0,77.0,0.74628675,117.0,78.0,0.77298206,131.0,75.0,0.7633451,124.0,77.0,0.6758875,142.0,86.0,0.8275792,125.0,89.0,0.7098559,128.0,64.0,0.5136292,105.0,73.0,0.59389114,114.0,41.0,0.5893955,88.0,47.0,0.5515285,167.0,146.0,0.7452712,155.0,145.0,0.71460056,128.0,163.0,0.8117539,118.0,162.0,0.691075,142.0,196.0,0.7989245,133.0,195.0,0.80697745
guy3_chair123_flipped.jpg,138.0,85.0,0.6830039,138.0,80.0,0.574708,136.0,80.0,0.7156707,130.0,78.0,0.73804057,126.0,77.0,0.67700136,129.0,91.0,0.7393713,113.0,85.0,0.79266673,151.0,75.0,0.6124823,127.0,67.0,0.4338645,167.0,49.0,0.7387953,141.0,41.0,0.77636045,102.0,141.0,0.61992806,89.0,144.0,0.8718758,138.0,160.0,0.9232033,129.0,162.0,0.59045076,122.0,197.0,0.6413567,112.0,200.0,0.64023757
guy3_chair124.jpg,118.0,84.0,0.5385325,120.0,78.0,0.6248983,117.0,80.0,0.70599633,130.0,76.0,0.696972,123.0,79.0,0.5421431,142.0,86.0,0.78872484,126.0,90.0,0.5599704,128.0,63.0,0.5692557,105.0,75.0,0.5387701,114.0,40.0,0.42655972,89.0,47.0,0.43050203,168.0,146.0,0.8062244,155.0,144.0,0.78606075,130.0,164.0,0.6910137,118.0,163.0,0.7890246,144.0,197.0,0.77219653,133.0,196.0,0.89782715
guy3_chair124_flipped.jpg,137.0,86.0,0.6983285,137.0,81.0,0.7214388,135.0,81.0,0.7520164,128.0,78.0,0.6787355,126.0,77.0,0.7827844,128.0,91.0,0.76369613,112.0,86.0,0.8106312,150.0,74.0,0.75977224,128.0,65.0,0.4937195,166.0,48.0,0.83242565,140.0,41.0,0.7922462,101.0,142.0,0.75646454,88.0,144.0,0.7203742,137.0,160.0,0.9304679,127.0,163.0,0.5950967,120.0,197.0,0.7913034,111.0,200.0,0.80472505
guy3_chair125.jpg,118.0,85.0,0.54215884,120.0,79.0,0.6562085,117.0,81.0,0.7284787,130.0,76.0,0.7490326,124.0,80.0,0.6381432,142.0,86.0,0.7944297,127.0,91.0,0.62544334,129.0,65.0,0.4758263,106.0,76.0,0.6503968,114.0,42.0,0.40802836,90.0,49.0,0.634043,169.0,147.0,0.7918026,156.0,145.0,0.70210063,129.0,163.0,0.8592439,119.0,162.0,0.8184811,144.0,196.0,0.8330481,134.0,195.0,0.663705
guy3_chair125_flipped.jpg,137.0,85.0,0.73946553,137.0,81.0,0.78983593,134.0,80.0,0.5486943,129.0,78.0,0.7379915,125.0,77.0,0.66961706,128.0,91.0,0.67470634,111.0,86.0,0.7162465,148.0,75.0,0.7482319,125.0,68.0,0.35766652,165.0,50.0,0.714131,140.0,40.0,0.85153675,100.0,142.0,0.747897,87.0,144.0,0.8056513,137.0,160.0,0.8660696,127.0,162.0,0.65308475,118.0,197.0,0.7847551,110.0,199.0,0.838765
guy3_chair126.jpg,119.0,84.0,0.6665553,121.0,78.0,0.6643617,118.0,80.0,0.7389941,131.0,75.0,0.7691291,125.0,78.0,0.5673909,144.0,88.0,0.7542661,127.0,91.0,0.71781564,130.0,66.0,0.516189,107.0,75.0,0.53029525,115.0,44.0,0.55275714,90.0,49.0,0.5449487,169.0,147.0,0.84618914,156.0,146.0,0.7965616,129.0,163.0,0.7766284,119.0,162.0,0.8697617,145.0,196.0,0.86476344,135.0,195.0,0.80953074
guy3_chair126_flipped.jpg,136.0,85.0,0.5812164,137.0,81.0,0.63640666,134.0,80.0,0.5705519,131.0,79.0,0.31458876,124.0,77.0,0.41617763,127.0,91.0,0.48863798,112.0,87.0,0.568395,148.0,76.0,0.5657921,125.0,69.0,0.2927228,165.0,50.0,0.63137734,139.0,42.0,0.6726582,102.0,142.0,0.5559253,88.0,145.0,0.780477,136.0,160.0,0.8302605,127.0,163.0,0.53982365,118.0,198.0,0.5609819,110.0,200.0,0.723773
guy3_chair127.jpg,120.0,84.0,0.46350256,123.0,78.0,0.71921265,120.0,80.0,0.67383444,133.0,76.0,0.6328039,126.0,79.0,0.56532025,144.0,87.0,0.74643195,129.0,90.0,0.5185101,130.0,65.0,0.5373386,109.0,75.0,0.7059307,115.0,44.0,0.38435107,93.0,50.0,0.68374014,170.0,147.0,0.7721676,157.0,145.0,0.71521366,131.0,163.0,0.8278724,120.0,162.0,0.750028,145.0,196.0,0.76432216,136.0,195.0,0.8430297
guy3_chair127_flipped.jpg,135.0,85.0,0.6098114,135.0,81.0,0.75751734,133.0,80.0,0.64078546,129.0,79.0,0.31344944,124.0,77.0,0.61500823,126.0,91.0,0.5880712,111.0,87.0,0.65615356,147.0,76.0,0.7052734,124.0,68.0,0.396718,163.0,51.0,0.64459825,138.0,42.0,0.62874603,101.0,142.0,0.6177881,87.0,145.0,0.81996477,135.0,160.0,0.8568246,126.0,163.0,0.65090597,117.0,199.0,0.62843716,109.0,200.0,0.7550685
guy3_chair128.jpg,121.0,85.0,0.72065556,123.0,79.0,0.5490663,120.0,80.0,0.71644235,133.0,76.0,0.7606225,126.0,78.0,0.47871011,145.0,89.0,0.7848771,129.0,90.0,0.68090516,131.0,67.0,0.42004418,108.0,75.0,0.58823293,117.0,46.0,0.58531463,92.0,51.0,0.5674641,170.0,148.0,0.82516384,157.0,147.0,0.79140395,130.0,163.0,0.77330726,121.0,162.0,0.8835316,145.0,195.0,0.6903255,137.0,195.0,0.81845987
guy3_chair128_flipped.jpg,135.0,86.0,0.5453136,135.0,81.0,0.57695735,132.0,80.0,0.5442139,128.0,79.0,0.63052875,123.0,78.0,0.6484484,125.0,92.0,0.57355016,110.0,88.0,0.68317574,146.0,76.0,0.52574015,126.0,68.0,0.47907802,163.0,51.0,0.63793594,137.0,45.0,0.6537026,99.0,143.0,0.6755235,87.0,145.0,0.7480593,135.0,161.0,0.8199141,126.0,163.0,0.41474575,116.0,198.0,0.7072253,109.0,200.0,0.69405746
guy3_chair129.jpg,121.0,85.0,0.6548439,123.0,79.0,0.5536034,121.0,80.0,0.7254583,133.0,76.0,0.685412,128.0,78.0,0.61824965,145.0,89.0,0.8772352,130.0,92.0,0.69370675,132.0,67.0,0.5635761,108.0,76.0,0.7756069,115.0,45.0,0.59243333,93.0,51.0,0.7324723,170.0,149.0,0.73400676,158.0,147.0,0.75998807,131.0,164.0,0.6998309,121.0,163.0,0.81664956,145.0,196.0,0.6220335,138.0,196.0,0.91456544
guy3_chair129_flipped.jpg,135.0,86.0,0.7097827,134.0,81.0,0.77050334,132.0,80.0,0.51867896,126.0,79.0,0.73523647,122.0,78.0,0.671389,126.0,92.0,0.6737213,110.0,87.0,0.78191084,148.0,75.0,0.71947265,126.0,67.0,0.4179348,162.0,51.0,0.82710344,139.0,43.0,0.67136806,97.0,144.0,0.7078728,85.0,146.0,0.82154214,134.0,162.0,0.81601197,125.0,164.0,0.6436986,116.0,197.0,0.71505725,108.0,200.0,0.7603561
guy3_chair130.jpg,122.0,86.0,0.65383106,124.0,81.0,0.6930479,122.0,81.0,0.7741084,134.0,77.0,0.77971303,130.0,78.0,0.65624803,146.0,89.0,0.696849,130.0,92.0,0.72594726,131.0,67.0,0.5956305,109.0,76.0,0.73404706,114.0,44.0,0.5945275,96.0,52.0,0.4740805,171.0,149.0,0.7934496,159.0,147.0,0.7887357,131.0,165.0,0.7713391,122.0,163.0,0.8772116,147.0,196.0,0.66260827,139.0,196.0,0.7988703
guy3_chair130_flipped.jpg,133.0,88.0,0.7290799,133.0,83.0,0.6198372,131.0,83.0,0.67904294,125.0,80.0,0.7768079,121.0,80.0,0.6132542,124.0,94.0,0.8323717,109.0,88.0,0.8456549,146.0,75.0,0.6921077,126.0,69.0,0.55332446,161.0,54.0,0.66586375,140.0,44.0,0.7542779,94.0,145.0,0.8143334,84.0,147.0,0.5688126,134.0,162.0,0.8395383,125.0,165.0,0.78477156,116.0,198.0,0.733855,108.0,199.0,0.8190069
guy3_chair131.jpg,122.0,87.0,0.6365316,124.0,82.0,0.750044,122.0,83.0,0.66967773,135.0,79.0,0.69441694,130.0,81.0,0.77202773,147.0,90.0,0.75605094,131.0,94.0,0.795718,131.0,68.0,0.6922122,110.0,77.0,0.6819273,114.0,45.0,0.7340112,96.0,53.0,0.6608194,171.0,150.0,0.7380022,159.0,149.0,0.75730556,131.0,165.0,0.7422692,122.0,164.0,0.86971784,147.0,197.0,0.6691437,139.0,197.0,0.72052705
guy3_chair131_flipped.jpg,134.0,88.0,0.71996593,133.0,84.0,0.62006485,132.0,84.0,0.6277258,126.0,82.0,0.6963059,121.0,81.0,0.5343509,124.0,94.0,0.77659845,109.0,89.0,0.7790719,146.0,77.0,0.73799515,125.0,70.0,0.5124825,160.0,55.0,0.76863456,139.0,46.0,0.69846714,95.0,146.0,0.8145913,84.0,147.0,0.808903,134.0,162.0,0.8861629,125.0,165.0,0.72392535,115.0,198.0,0.7454902,107.0,200.0,0.7834766
guy3_chair132.jpg,123.0,88.0,0.667508,125.0,83.0,0.5833913,122.0,83.0,0.7182269,134.0,80.0,0.6954181,130.0,81.0,0.5766233,147.0,92.0,0.7257947,131.0,94.0,0.7172321,132.0,70.0,0.4591073,112.0,79.0,0.5396637,115.0,47.0,0.55816257,96.0,55.0,0.4027301,172.0,151.0,0.79656637,160.0,150.0,0.77476156,132.0,166.0,0.6816809,123.0,165.0,0.90003026,148.0,199.0,0.6626382,139.0,198.0,0.7854175
guy3_chair132_flipped.jpg,134.0,90.0,0.7579225,133.0,85.0,0.6521703,131.0,85.0,0.55965114,123.0,83.0,0.7912005,121.0,82.0,0.7059333,123.0,95.0,0.59102,108.0,90.0,0.83449876,145.0,78.0,0.703768,124.0,71.0,0.58944046,159.0,55.0,0.7969637,139.0,46.0,0.7847639,95.0,146.0,0.7212399,83.0,148.0,0.8128205,133.0,162.0,0.7631799,124.0,166.0,0.7842532,115.0,199.0,0.7671291,106.0,201.0,0.74518067
guy3_chair133.jpg,123.0,88.0,0.6176195,125.0,83.0,0.63781226,122.0,84.0,0.6405607,135.0,79.0,0.65908194,130.0,81.0,0.57248044,148.0,93.0,0.76834595,133.0,95.0,0.7205773,133.0,70.0,0.46768424,111.0,78.0,0.7625003,116.0,48.0,0.6735765,98.0,56.0,0.54893106,173.0,151.0,0.7806231,161.0,150.0,0.752836,133.0,167.0,0.8518277,124.0,166.0,0.87142986,149.0,199.0,0.7641035,141.0,199.0,0.8132628
guy3_chair133_flipped.jpg,131.0,92.0,0.61392885,131.0,87.0,0.4910442,130.0,86.0,0.542135,122.0,83.0,0.63432837,121.0,83.0,0.6346129,121.0,96.0,0.74889064,108.0,91.0,0.76652837,143.0,80.0,0.6428701,124.0,70.0,0.71893334,158.0,56.0,0.8889395,139.0,47.0,0.7438276,92.0,147.0,0.69705975,83.0,150.0,0.8421908,131.0,164.0,0.8917564,124.0,166.0,0.69192195,114.0,200.0,0.6965791,107.0,201.0,0.75809836
guy3_chair134.jpg,122.0,88.0,0.6456794,125.0,83.0,0.6920312,123.0,84.0,0.5907127,135.0,80.0,0.67489934,131.0,83.0,0.76670283,147.0,92.0,0.8949536,133.0,96.0,0.81117,132.0,70.0,0.5721903,113.0,80.0,0.74009204,116.0,49.0,0.44304606,98.0,56.0,0.72409713,172.0,152.0,0.7805163,162.0,151.0,0.74759483,133.0,167.0,0.69000983,124.0,166.0,0.903169,149.0,200.0,0.6685602,140.0,199.0,0.81388724
guy3_chair134_flipped.jpg,133.0,91.0,0.6724734,132.0,86.0,0.707053,130.0,86.0,0.7667016,122.0,84.0,0.7620619,121.0,84.0,0.78390414,121.0,98.0,0.7935914,107.0,92.0,0.87366587,143.0,80.0,0.65561664,122.0,73.0,0.5690628,159.0,56.0,0.72444344,136.0,49.0,0.8397844,92.0,148.0,0.8472914,82.0,150.0,0.6599777,132.0,165.0,0.85759366,124.0,167.0,0.7280028,114.0,201.0,0.6820132,105.0,202.0,0.8282897
guy3_chair135.jpg,123.0,90.0,0.5905693,125.0,84.0,0.7571102,123.0,85.0,0.5465063,135.0,81.0,0.78078103,132.0,83.0,0.722651,148.0,93.0,0.89163506,134.0,96.0,0.7951865,132.0,70.0,0.2963625,113.0,80.0,0.6836653,116.0,51.0,0.5084611,99.0,56.0,0.66565734,172.0,153.0,0.65452313,162.0,151.0,0.7199564,133.0,168.0,0.838016,124.0,167.0,0.83764195,149.0,200.0,0.66525793,141.0,200.0,0.8460248
guy3_chair135_flipped.jpg,132.0,93.0,0.6412184,132.0,88.0,0.716468,129.0,88.0,0.587009,123.0,86.0,0.79269457,120.0,85.0,0.71558857,122.0,97.0,0.72469777,106.0,92.0,0.8309781,142.0,82.0,0.52337825,123.0,73.0,0.50679934,158.0,57.0,0.8097826,136.0,50.0,0.5100205,94.0,148.0,0.72728676,83.0,150.0,0.81797045,132.0,165.0,0.81664324,122.0,167.0,0.6328684,114.0,201.0,0.71674716,106.0,203.0,0.79812384
guy3_chair136.jpg,124.0,89.0,0.6207448,126.0,84.0,0.6919473,124.0,85.0,0.68040776,136.0,81.0,0.67344415,132.0,83.0,0.69833213,148.0,93.0,0.8799675,134.0,96.0,0.76576304,132.0,72.0,0.39440554,114.0,80.0,0.584544,117.0,49.0,0.6103441,100.0,58.0,0.5864508,173.0,152.0,0.7842244,162.0,151.0,0.78928035,134.0,168.0,0.6703342,124.0,168.0,0.8278664,149.0,200.0,0.6503083,141.0,200.0,0.81202644
guy3_chair136_flipped.jpg,131.0,92.0,0.4201069,131.0,88.0,0.4665651,129.0,87.0,0.5504837,124.0,86.0,0.35003287,119.0,84.0,0.5130494,120.0,97.0,0.5532164,106.0,93.0,0.64964604,142.0,82.0,0.52534616,122.0,73.0,0.40388185,157.0,58.0,0.55019915,137.0,50.0,0.7207403,95.0,148.0,0.6235254,83.0,150.0,0.70702755,131.0,165.0,0.79420674,122.0,168.0,0.50330484,113.0,203.0,0.7280501,105.0,205.0,0.5562091
guy3_chair137.jpg,124.0,89.0,0.6231185,127.0,84.0,0.5796467,124.0,85.0,0.71223843,137.0,82.0,0.69268405,133.0,84.0,0.69132954,149.0,93.0,0.8702493,134.0,97.0,0.77552104,132.0,72.0,0.31993634,113.0,82.0,0.5376457,116.0,51.0,0.35616085,99.0,58.0,0.48511967,174.0,152.0,0.669012,162.0,151.0,0.77271223,135.0,170.0,0.75612426,125.0,168.0,0.8731441,150.0,202.0,0.6654748,141.0,202.0,0.79700106
guy3_chair137_flipped.jpg,131.0,93.0,0.7140484,130.0,89.0,0.6812249,128.0,88.0,0.46452188,121.0,85.0,0.6063,119.0,85.0,0.5238751,120.0,97.0,0.64722764,106.0,92.0,0.68172073,143.0,81.0,0.5404278,124.0,73.0,0.5665753,156.0,58.0,0.80927646,137.0,50.0,0.6482519,95.0,148.0,0.69722486,82.0,150.0,0.7697027,131.0,166.0,0.79379445,122.0,168.0,0.62006354,113.0,203.0,0.76223487,105.0,205.0,0.64312124
guy3_chair138.jpg,125.0,89.0,0.67497057,127.0,84.0,0.69087625,125.0,85.0,0.68936306,137.0,82.0,0.79013395,133.0,83.0,0.6205175,149.0,92.0,0.6548078,133.0,95.0,0.61218727,134.0,72.0,0.32191575,113.0,80.0,0.48473027,118.0,51.0,0.4484055,100.0,57.0,0.4547935,173.0,151.0,0.6979562,162.0,150.0,0.7328509,135.0,170.0,0.81192005,125.0,168.0,0.7802175,150.0,202.0,0.81967175,141.0,202.0,0.89301735
guy3_chair138_flipped.jpg,131.0,92.0,0.72790384,130.0,87.0,0.5711246,129.0,87.0,0.46004823,121.0,84.0,0.6328083,120.0,83.0,0.5852683,121.0,96.0,0.72534275,106.0,91.0,0.74999654,143.0,80.0,0.6180982,123.0,72.0,0.5953227,157.0,57.0,0.733173,139.0,48.0,0.6610229,93.0,149.0,0.7502421,82.0,150.0,0.8515716,131.0,167.0,0.8027586,122.0,170.0,0.71989214,113.0,204.0,0.68467724,105.0,205.0,0.6876507
guy3_chair139.jpg,126.0,88.0,0.61428773,128.0,84.0,0.4530747,125.0,84.0,0.6664153,138.0,81.0,0.6772046,133.0,83.0,0.6453879,149.0,91.0,0.62492955,133.0,94.0,0.6226306,134.0,69.0,0.5009992,114.0,79.0,0.58231014,120.0,49.0,0.5389447,100.0,58.0,0.5565576,173.0,149.0,0.8210771,162.0,149.0,0.8054987,134.0,170.0,0.7459004,125.0,169.0,0.85929143,149.0,202.0,0.7360278,141.0,202.0,0.8455453
guy3_chair139_flipped.jpg,129.0,92.0,0.5507122,129.0,87.0,0.72512364,127.0,86.0,0.6748301,120.0,83.0,0.671759,118.0,83.0,0.65624803,120.0,95.0,0.7106769,105.0,91.0,0.8023121,142.0,79.0,0.5548399,123.0,71.0,0.71604705,156.0,58.0,0.73131466,136.0,49.0,0.62118,92.0,149.0,0.81867623,82.0,150.0,0.8176057,131.0,168.0,0.7644129,122.0,170.0,0.7350613,113.0,205.0,0.6536544,105.0,206.0,0.84436613
guy3_chair140.jpg,126.0,86.0,0.43713164,129.0,80.0,0.76216406,126.0,82.0,0.7365053,138.0,77.0,0.65495396,134.0,81.0,0.62664473,149.0,88.0,0.803428,134.0,93.0,0.6158248,133.0,67.0,0.6579702,114.0,79.0,0.68490946,119.0,48.0,0.42742687,101.0,54.0,0.51662636,172.0,150.0,0.7734635,161.0,150.0,0.74437153,134.0,171.0,0.8515486,124.0,171.0,0.8516134,148.0,204.0,0.72724277,141.0,203.0,0.8388185
guy3_chair140_flipped.jpg,127.0,87.0,0.67170244,127.0,82.0,0.6408851,125.0,82.0,0.48813874,120.0,80.0,0.7295904,117.0,80.0,0.78375757,121.0,93.0,0.7653819,104.0,89.0,0.7365693,141.0,77.0,0.7947436,122.0,70.0,0.52215415,153.0,57.0,0.49817047,134.0,49.0,0.5849044,96.0,147.0,0.72544605,83.0,149.0,0.85946244,131.0,168.0,0.7200948,121.0,171.0,0.6907178,111.0,205.0,0.74165833,104.0,207.0,0.76849765
guy3_chair141.jpg,127.0,82.0,0.6539566,130.0,77.0,0.7039454,126.0,78.0,0.7665806,140.0,77.0,0.6391063,133.0,78.0,0.6268315,150.0,89.0,0.8459457,133.0,92.0,0.70723623,138.0,68.0,0.5641375,115.0,77.0,0.60163164,122.0,47.0,0.5405979,102.0,53.0,0.55113995,171.0,148.0,0.81857634,157.0,147.0,0.8248497,134.0,172.0,0.78148717,125.0,170.0,0.7484496,150.0,207.0,0.7085724,142.0,204.0,0.8473526
guy3_chair141_flipped.jpg,127.0,84.0,0.59149575,126.0,79.0,0.641952,125.0,79.0,0.69386125,119.0,78.0,0.5401627,116.0,78.0,0.65278196,120.0,92.0,0.71121997,104.0,88.0,0.90989554,140.0,77.0,0.6319467,121.0,69.0,0.43175948,153.0,55.0,0.6582811,134.0,46.0,0.6224664,98.0,147.0,0.7191742,85.0,148.0,0.8592775,132.0,169.0,0.80387866,122.0,172.0,0.6378569,112.0,207.0,0.63395715,106.0,209.0,0.73990166
guy3_chair142.jpg,127.0,81.0,0.5522476,131.0,76.0,0.53448737,127.0,76.0,0.6147325,141.0,76.0,0.57681906,135.0,77.0,0.66915107,151.0,88.0,0.67788017,133.0,91.0,0.73939836,138.0,67.0,0.53782105,115.0,76.0,0.4875197,122.0,46.0,0.5717208,102.0,55.0,0.5386964,170.0,148.0,0.8589564,156.0,148.0,0.7258549,133.0,173.0,0.8131062,124.0,172.0,0.8784167,150.0,208.0,0.83929145,142.0,207.0,0.81270075
guy3_chair142_flipped.jpg,124.0,83.0,0.5565692,124.0,79.0,0.6758605,123.0,79.0,0.59881127,117.0,78.0,0.5290301,113.0,78.0,0.5757993,119.0,90.0,0.5858809,104.0,88.0,0.86244166,140.0,75.0,0.6852629,120.0,67.0,0.3673536,151.0,55.0,0.55655223,133.0,46.0,0.4587098,98.0,147.0,0.73000586,86.0,148.0,0.6462641,131.0,170.0,0.93232214,123.0,172.0,0.7354772,112.0,207.0,0.64963704,105.0,210.0,0.8165722
guy3_chair143.jpg,129.0,77.0,0.57693887,131.0,73.0,0.73119724,127.0,73.0,0.6300723,143.0,72.0,0.6840442,135.0,74.0,0.5522382,152.0,86.0,0.72293484,135.0,88.0,0.74240774,140.0,66.0,0.37946156,117.0,75.0,0.5211452,123.0,45.0,0.63513696,103.0,51.0,0.5739275,168.0,147.0,0.82793486,154.0,146.0,0.74467736,133.0,174.0,0.8303426,123.0,172.0,0.85321194,149.0,210.0,0.5796447,141.0,206.0,0.7654693
guy3_chair143_flipped.jpg,123.0,81.0,0.53105724,123.0,76.0,0.6457974,122.0,76.0,0.5973078,116.0,75.0,0.4950788,112.0,75.0,0.59041667,119.0,88.0,0.5845405,103.0,86.0,0.8703853,136.0,74.0,0.5513129,117.0,68.0,0.2959219,150.0,53.0,0.5549865,132.0,45.0,0.51190823,99.0,145.0,0.6723597,87.0,146.0,0.8593882,132.0,171.0,0.8453412,123.0,174.0,0.7111658,111.0,208.0,0.6628573,106.0,210.0,0.7762307
guy3_chair144.jpg,131.0,73.0,0.6042851,134.0,69.0,0.59720993,130.0,69.0,0.704911,145.0,71.0,0.71894336,138.0,71.0,0.39044842,152.0,83.0,0.756996,135.0,85.0,0.6018505,138.0,63.0,0.63459253,119.0,71.0,0.5537127,124.0,44.0,0.6726726,106.0,50.0,0.51450074,167.0,147.0,0.83132577,155.0,146.0,0.84261245,133.0,176.0,0.8368473,124.0,173.0,0.8442434,150.0,210.0,0.7763629,141.0,206.0,0.53508466
guy3_chair144_flipped.jpg,123.0,79.0,0.45193326,123.0,75.0,0.56950295,121.0,74.0,0.564276,119.0,74.0,0.29863662,113.0,74.0,0.6608833,119.0,87.0,0.49689147,103.0,84.0,0.7240134,136.0,74.0,0.31964168,119.0,64.0,0.40039343,150.0,52.0,0.42447153,131.0,43.0,0.5939292,101.0,145.0,0.63960874,90.0,145.0,0.6963409,133.0,172.0,0.8385446,124.0,175.0,0.68641317,112.0,209.0,0.63491833,106.0,211.0,0.76163036
guy3_chair145.jpg,133.0,72.0,0.60434294,137.0,67.0,0.5680851,132.0,67.0,0.6699939,148.0,70.0,0.68389523,141.0,69.0,0.69923186,154.0,83.0,0.7295011,136.0,84.0,0.55401677,138.0,63.0,0.39604285,118.0,69.0,0.5087529,126.0,42.0,0.73365533,106.0,49.0,0.4533793,166.0,145.0,0.9204978,152.0,145.0,0.71553504,133.0,177.0,0.8403863,124.0,173.0,0.76325345,150.0,212.0,0.7451292,143.0,209.0,0.70811456
guy3_chair145_flipped.jpg,124.0,76.0,0.47457188,123.0,72.0,0.5686121,122.0,72.0,0.55093145,117.0,71.0,0.37349287,112.0,70.0,0.5011138,117.0,85.0,0.57698417,102.0,82.0,0.83302844,136.0,69.0,0.52470315,118.0,61.0,0.5528599,148.0,47.0,0.4226362,130.0,42.0,0.67007935,102.0,144.0,0.5760292,91.0,144.0,0.6072726,132.0,173.0,0.755072,124.0,175.0,0.68397593,111.0,210.0,0.6562088,106.0,212.0,0.7624375
guy3_chair146.jpg,132.0,73.0,0.4820862,136.0,68.0,0.49303275,133.0,68.0,0.70411336,147.0,69.0,0.5597491,144.0,69.0,0.5830898,155.0,81.0,0.7881384,139.0,86.0,0.7540612,137.0,59.0,0.45694202,123.0,72.0,0.6636359,126.0,38.0,0.7346346,108.0,49.0,0.51822406,164.0,145.0,0.8987465,151.0,145.0,0.859404,131.0,176.0,0.8173804,123.0,176.0,0.88823014,150.0,211.0,0.75418645,143.0,211.0,0.83274186
guy3_chair146_flipped.jpg,122.0,72.0,0.5729511,122.0,68.0,0.7092068,120.0,68.0,0.64533937,115.0,68.0,0.5470871,111.0,68.0,0.6711635,116.0,83.0,0.529891,101.0,80.0,0.78338057,135.0,68.0,0.56633097,116.0,60.0,0.3867384,147.0,45.0,0.4997633,130.0,38.0,0.84467995,103.0,142.0,0.6676042,91.0,143.0,0.6765746,133.0,173.0,0.73374414,125.0,176.0,0.6990355,111.0,211.0,0.70014846,106.0,212.0,0.74897015
guy3_chair147.jpg,132.0,70.0,0.6278678,136.0,65.0,0.7047664,133.0,65.0,0.5767921,148.0,66.0,0.7331407,142.0,66.0,0.577453,154.0,80.0,0.84424615,139.0,83.0,0.75979614,139.0,59.0,0.27487192,120.0,66.0,0.63558316,128.0,36.0,0.61656034,108.0,43.0,0.5201516,163.0,143.0,0.9129295,150.0,144.0,0.8450073,131.0,178.0,0.711908,123.0,176.0,0.8442172,150.0,213.0,0.71946585,143.0,212.0,0.7109931
guy3_chair147_flipped.jpg,120.0,71.0,0.5533352,119.0,68.0,0.63015574,117.0,67.0,0.5727906,113.0,67.0,0.38263845,107.0,68.0,0.5607197,116.0,83.0,0.64773476,100.0,80.0,0.5853765,135.0,65.0,0.47520742,115.0,60.0,0.39269316,147.0,43.0,0.6540631,128.0,36.0,0.7119461,105.0,144.0,0.5647289,93.0,144.0,0.7904049,133.0,175.0,0.8016836,126.0,177.0,0.52207303,111.0,213.0,0.6852957,105.0,214.0,0.72797155
guy3_chair148.jpg,133.0,71.0,0.5724262,137.0,66.0,0.5988214,134.0,67.0,0.7194923,147.0,67.0,0.7114513,143.0,68.0,0.69045174,155.0,79.0,0.6462636,139.0,83.0,0.5206697,143.0,57.0,0.369686,120.0,64.0,0.7112174,130.0,36.0,0.7192818,110.0,42.0,0.58511144,162.0,142.0,0.89027345,147.0,144.0,0.81478393,132.0,179.0,0.842837,122.0,178.0,0.89552754,151.0,213.0,0.85691595,142.0,212.0,0.5920065
guy3_chair148_flipped.jpg,120.0,71.0,0.49353063,118.0,67.0,0.5549339,117.0,67.0,0.70361686,110.0,67.0,0.57561505,107.0,67.0,0.56691325,114.0,83.0,0.6615275,99.0,80.0,0.702297,132.0,65.0,0.48093313,115.0,55.0,0.4964171,144.0,40.0,0.5804597,126.0,34.0,0.5927931,106.0,141.0,0.70201665,94.0,142.0,0.8280009,134.0,176.0,0.7856131,124.0,178.0,0.66093266,111.0,213.0,0.66002816,105.0,215.0,0.75571644
guy3_chair149.jpg,133.0,69.0,0.49619418,137.0,65.0,0.6389993,134.0,66.0,0.6767876,147.0,65.0,0.5809107,141.0,67.0,0.58992743,155.0,77.0,0.8259822,138.0,81.0,0.62935126,143.0,54.0,0.40886477,121.0,62.0,0.7180092,131.0,31.0,0.62533,111.0,38.0,0.4900095,161.0,141.0,0.87893814,147.0,143.0,0.8298267,131.0,179.0,0.8140261,122.0,178.0,0.86539966,150.0,213.0,0.8550986,142.0,213.0,0.7938688
guy3_chair149_flipped.jpg,119.0,71.0,0.43269598,118.0,66.0,0.6281127,117.0,66.0,0.6316785,110.0,66.0,0.39012048,108.0,66.0,0.736785,114.0,81.0,0.63003093,98.0,79.0,0.68216765,133.0,64.0,0.5964596,113.0,57.0,0.24924827,143.0,39.0,0.81401354,124.0,32.0,0.46663103,107.0,141.0,0.6655704,94.0,142.0,0.8402724,133.0,176.0,0.80660653,124.0,178.0,0.7732181,112.0,214.0,0.69248974,103.0,216.0,0.7330296
guy3_chair150.jpg,133.0,67.0,0.56795573,137.0,62.0,0.57174563,135.0,63.0,0.52742314,147.0,63.0,0.7160202,143.0,64.0,0.55346906,154.0,77.0,0.8427466,138.0,79.0,0.7119187,142.0,53.0,0.42369893,121.0,61.0,0.6943097,132.0,29.0,0.5045619,112.0,37.0,0.57723606,160.0,141.0,0.88885266,146.0,142.0,0.8626932,131.0,180.0,0.8142395,120.0,178.0,0.9049523,149.0,214.0,0.8506429,141.0,212.0,0.8131809
guy3_chair150_flipped.jpg,119.0,68.0,0.46407324,118.0,64.0,0.67532146,117.0,64.0,0.61276805,112.0,64.0,0.56988657,108.0,63.0,0.6827947,116.0,79.0,0.6838605,100.0,76.0,0.84362537,133.0,61.0,0.6654475,113.0,53.0,0.39925164,142.0,36.0,0.768457,121.0,31.0,0.40883487,109.0,141.0,0.6378294,96.0,141.0,0.7581432,134.0,177.0,0.8152926,124.0,179.0,0.5781949,113.0,215.0,0.70896137,105.0,217.0,0.6656395
guy3_chair151.jpg,135.0,68.0,0.5787438,138.0,63.0,0.70608026,136.0,63.0,0.6670803,149.0,64.0,0.6479143,144.0,64.0,0.62924147,156.0,78.0,0.81322926,140.0,79.0,0.74394494,145.0,53.0,0.4765953,125.0,60.0,0.7042004,137.0,29.0,0.48462108,116.0,34.0,0.6848155,158.0,140.0,0.7674721,145.0,142.0,0.8265526,131.0,180.0,0.7912042,120.0,178.0,0.9179272,150.0,217.0,0.79777455,141.0,214.0,0.7261791
guy3_chair151_flipped.jpg,118.0,69.0,0.47015786,118.0,65.0,0.49350488,116.0,64.0,0.5788648,112.0,64.0,0.4440943,108.0,63.0,0.5654234,115.0,80.0,0.6121425,100.0,77.0,0.7525027,130.0,62.0,0.46442753,111.0,53.0,0.28650734,138.0,36.0,0.6581584,118.0,31.0,0.51262635,110.0,140.0,0.5581243,97.0,141.0,0.6865372,134.0,178.0,0.793746,125.0,179.0,0.6359259,112.0,216.0,0.64079773,105.0,218.0,0.7800804
guy3_chair152.jpg,134.0,68.0,0.6147653,137.0,63.0,0.7088077,136.0,63.0,0.6439687,149.0,63.0,0.7230499,145.0,63.0,0.6146567,155.0,77.0,0.8321773,140.0,78.0,0.7078892,145.0,51.0,0.69969416,126.0,60.0,0.5347252,138.0,26.0,0.5849785,117.0,33.0,0.73023057,158.0,140.0,0.80204165,145.0,141.0,0.8606935,130.0,182.0,0.82253695,121.0,180.0,0.68976104,150.0,218.0,0.7357536,140.0,215.0,0.65838486
guy3_chair152_flipped.jpg,119.0,71.0,0.4904035,117.0,66.0,0.6421472,115.0,65.0,0.4759269,110.0,65.0,0.51965463,108.0,65.0,0.644017,115.0,79.0,0.5445537,99.0,77.0,0.71182334,130.0,60.0,0.63564324,111.0,52.0,0.4493797,137.0,35.0,0.7933868,116.0,30.0,0.52898836,111.0,140.0,0.7871964,98.0,141.0,0.78940606,133.0,179.0,0.71143425,124.0,181.0,0.7275945,112.0,216.0,0.7051861,105.0,219.0,0.7830131
guy3_chair153.jpg,134.0,66.0,0.57449794,138.0,62.0,0.62613636,136.0,61.0,0.48992246,149.0,63.0,0.70197165,144.0,62.0,0.5490838,156.0,76.0,0.8334408,140.0,78.0,0.6351836,146.0,49.0,0.44854495,127.0,60.0,0.4843094,141.0,25.0,0.53569657,120.0,33.0,0.7024144,157.0,139.0,0.84573865,144.0,141.0,0.8214698,130.0,182.0,0.8247876,122.0,181.0,0.870271,150.0,219.0,0.8506597,141.0,216.0,0.74470127
guy3_chair153_flipped.jpg,119.0,69.0,0.5278716,118.0,65.0,0.6016643,116.0,64.0,0.4671351,111.0,64.0,0.5528314,107.0,64.0,0.4872305,114.0,78.0,0.5212116,99.0,77.0,0.837419,128.0,59.0,0.47538027,111.0,48.0,0.5262151,135.0,33.0,0.8044069,113.0,27.0,0.36593446,112.0,140.0,0.8166304,99.0,140.0,0.8113458,134.0,179.0,0.63603365,125.0,181.0,0.72854996,113.0,217.0,0.73282033,106.0,220.0,0.74371827
