guy3_cobra025.jpg,190.0,117.0,0.5415857,191.0,112.0,0.61231077,185.0,112.0,0.7559839,185.0,107.0,0.3326862,172.0,107.0,0.6682389,175.0,105.0,0.51464856,152.0,113.0,0.594473,173.0,114.0,0.36442924,119.0,109.0,0.5458168,174.0,128.0,0.7015573,130.0,136.0,0.81465125,131.0,101.0,0.6715623,116.0,107.0,0.7643827,110.0,93.0,0.5937042,93.0,100.0,0.61903775,87.0,81.0,0.7806194,72.0,85.0,0.6905409
guy3_cobra025_flipped.jpg,67.0,117.0,0.6377056,71.0,112.0,0.8152474,65.0,112.0,0.63288224,84.0,106.0,0.80372584,72.0,106.0,0.5066502,103.0,111.0,0.5795882,80.0,102.0,0.61919713,138.0,107.0,0.58247614,85.0,100.0,0.3840719,125.0,137.0,0.83086836,80.0,122.0,0.69084376,138.0,103.0,0.6675758,125.0,96.0,0.62600076,160.0,99.0,0.7801109,147.0,91.0,0.7080292,185.0,84.0,0.81965977,167.0,78.0,0.65857255
guy3_cobra026.jpg,187.0,116.0,0.59335387,189.0,111.0,0.62675595,183.0,111.0,0.77273756,182.0,106.0,0.50383425,169.0,106.0,0.7460748,172.0,106.0,0.42277288,150.0,112.0,0.60351014,170.0,113.0,0.4474072,117.0,108.0,0.5422256,170.0,126.0,0.68664014,128.0,137.0,0.835872,130.0,101.0,0.7189361,116.0,107.0,0.7731672,110.0,93.0,0.7867551,93.0,100.0,0.63168967,88.0,81.0,0.68981564,73.0,84.0,0.6378798
guy3_cobra026_flipped.jpg,68.0,116.0,0.7334291,72.0,111.0,0.7376009,67.0,111.0,0.504431,85.0,105.0,0.752194,74.0,104.0,0.53965235,105.0,109.0,0.53711545,82.0,102.0,0.6442115,141.0,107.0,0.5574802,88.0,102.0,0.27696633,128.0,136.0,0.6662822,82.0,124.0,0.57537436,140.0,103.0,0.6719272,128.0,96.0,0.62972736,157.0,100.0,0.6421753,147.0,91.0,0.75735384,183.0,84.0,0.74955434,168.0,79.0,0.6642228
guy3_cobra027.jpg,184.0,115.0,0.764253,187.0,110.0,0.48086858,181.0,110.0,0.8331552,181.0,104.0,0.49433047,166.0,105.0,0.6969608,170.0,103.0,0.5401076,147.0,112.0,0.5706635,170.0,109.0,0.40136167,116.0,108.0,0.5877038,172.0,127.0,0.5398214,126.0,137.0,0.88999367,130.0,102.0,0.66705585,115.0,108.0,0.7695011,110.0,92.0,0.74846435,93.0,100.0,0.67643803,89.0,81.0,0.69802916,72.0,84.0,0.66512907
guy3_cobra027_flipped.jpg,71.0,115.0,0.7547889,75.0,109.0,0.7918662,70.0,109.0,0.7207738,88.0,104.0,0.8163318,75.0,104.0,0.5944042,109.0,109.0,0.5503634,84.0,103.0,0.6553511,142.0,108.0,0.5606352,88.0,106.0,0.33495533,131.0,135.0,0.6065757,84.0,125.0,0.6441244,141.0,103.0,0.78362346,128.0,96.0,0.57798374,160.0,98.0,0.6305731,146.0,92.0,0.5423161,183.0,83.0,0.8456611,165.0,78.0,0.57366264
guy3_cobra028.jpg,180.0,114.0,0.60185075,183.0,108.0,0.5039733,177.0,108.0,0.7671117,179.0,103.0,0.5965153,163.0,102.0,0.60311806,169.0,106.0,0.5985744,145.0,109.0,0.47043818,167.0,111.0,0.3159702,115.0,108.0,0.7312625,171.0,127.0,0.7375928,124.0,137.0,0.71609545,127.0,106.0,0.5397319,112.0,109.0,0.756629,111.0,94.0,0.6195554,91.0,99.0,0.5502156,90.0,82.0,0.56394196,73.0,84.0,0.7589649
guy3_cobra028_flipped.jpg,74.0,114.0,0.4741962,78.0,108.0,0.648491,72.0,109.0,0.5877076,91.0,103.0,0.72756886,76.0,104.0,0.60334766,110.0,107.0,0.47765782,85.0,105.0,0.5278536,144.0,108.0,0.5554515,87.0,110.0,0.36899933,131.0,136.0,0.7507022,83.0,127.0,0.6813286,141.0,105.0,0.6945619,128.0,97.0,0.608945,159.0,99.0,0.70063704,147.0,92.0,0.57771933,182.0,85.0,0.80361235,162.0,81.0,0.5334648
guy3_cobra029.jpg,179.0,114.0,0.7502791,182.0,107.0,0.4473028,175.0,108.0,0.69010067,178.0,100.0,0.625491,161.0,102.0,0.57860804,168.0,107.0,0.57441044,143.0,110.0,0.41022563,167.0,112.0,0.21631435,113.0,107.0,0.79702026,169.0,128.0,0.69594836,123.0,137.0,0.8449761,129.0,109.0,0.48567995,111.0,110.0,0.7137601,111.0,94.0,0.77429104,91.0,99.0,0.5184713,90.0,82.0,0.78499144,74.0,84.0,0.8046825
guy3_cobra029_flipped.jpg,77.0,113.0,0.682219,82.0,107.0,0.63289154,74.0,107.0,0.6960256,94.0,101.0,0.7966289,78.0,102.0,0.55122834,112.0,107.0,0.53242147,86.0,102.0,0.55360055,144.0,107.0,0.6789647,90.0,105.0,0.325315,133.0,136.0,0.67742485,85.0,125.0,0.56583107,140.0,104.0,0.7489945,127.0,97.0,0.63252735,160.0,98.0,0.7337142,146.0,92.0,0.57135427,183.0,82.0,0.8709135,164.0,79.0,0.41100544
guy3_cobra030.jpg,176.0,111.0,0.5557616,179.0,105.0,0.48791432,173.0,105.0,0.66302633,177.0,101.0,0.3106571,159.0,101.0,0.54350924,167.0,107.0,0.5093539,142.0,107.0,0.4728032,164.0,117.0,0.52318656,112.0,108.0,0.636284,170.0,129.0,0.5155153,122.0,138.0,0.79587364,129.0,103.0,0.49501136,114.0,106.0,0.7325922,111.0,92.0,0.71319497,93.0,99.0,0.544292,91.0,80.0,0.8215752,75.0,84.0,0.751394
guy3_cobra030_flipped.jpg,79.0,112.0,0.64084786,84.0,105.0,0.7468858,76.0,105.0,0.7508257,96.0,101.0,0.71214885,79.0,102.0,0.6106806,114.0,108.0,0.42275426,87.0,104.0,0.34914908,145.0,108.0,0.7105038,90.0,110.0,0.3945972,135.0,137.0,0.68836045,86.0,127.0,0.66951954,141.0,104.0,0.7795721,126.0,97.0,0.6608814,158.0,99.0,0.5884024,146.0,92.0,0.730839,182.0,82.0,0.8412272,161.0,79.0,0.48322466
guy3_cobra031.jpg,175.0,110.0,0.7094977,177.0,104.0,0.7107994,170.0,105.0,0.49953526,174.0,97.0,0.5011493,157.0,100.0,0.49905166,166.0,108.0,0.36034623,138.0,107.0,0.4115192,164.0,115.0,0.3774503,111.0,108.0,0.5402045,169.0,130.0,0.62847054,121.0,139.0,0.81362844,126.0,106.0,0.46854448,109.0,109.0,0.633744,111.0,91.0,0.78416014,93.0,99.0,0.53938496,88.0,80.0,0.609045,76.0,83.0,0.7681372
guy3_cobra031_flipped.jpg,81.0,111.0,0.7608637,86.0,104.0,0.82425654,79.0,105.0,0.8142942,99.0,100.0,0.59196424,83.0,101.0,0.5229839,117.0,107.0,0.5130945,88.0,104.0,0.38968745,146.0,108.0,0.7645221,92.0,114.0,0.56952024,135.0,137.0,0.715974,87.0,127.0,0.7322718,142.0,104.0,0.78161234,127.0,98.0,0.50895363,159.0,100.0,0.57647985,146.0,91.0,0.57209575,179.0,83.0,0.60020053,164.0,79.0,0.4904674
guy3_cobra032.jpg,172.0,109.0,0.6611799,175.0,104.0,0.5548394,167.0,104.0,0.56485003,174.0,99.0,0.17585532,154.0,100.0,0.61253047,165.0,107.0,0.44651076,139.0,107.0,0.40357307,161.0,116.0,0.43372992,109.0,109.0,0.7107387,165.0,129.0,0.4133425,119.0,140.0,0.81273013,129.0,104.0,0.47717762,113.0,107.0,0.6447396,111.0,92.0,0.75934875,94.0,101.0,0.44357723,92.0,81.0,0.79163146,79.0,84.0,0.78294647
guy3_cobra032_flipped.jpg,84.0,110.0,0.6150961,89.0,104.0,0.72885406,81.0,104.0,0.65146625,102.0,100.0,0.7368828,84.0,100.0,0.5190088,120.0,106.0,0.48115,90.0,104.0,0.22090536,148.0,108.0,0.71873987,94.0,112.0,0.4477858,137.0,138.0,0.86644167,88.0,128.0,0.7577952,142.0,105.0,0.73005176,126.0,100.0,0.6025499,159.0,101.0,0.5941942,147.0,91.0,0.5784914,179.0,83.0,0.74609673,162.0,79.0,0.628281
guy3_cobra033.jpg,168.0,108.0,0.5947397,171.0,103.0,0.46362817,164.0,104.0,0.6594882,171.0,98.0,0.2326085,151.0,100.0,0.3132119,162.0,106.0,0.32581782,134.0,107.0,0.32151362,160.0,116.0,0.51563394,108.0,110.0,0.6056738,166.0,131.0,0.40621778,117.0,139.0,0.66248184,127.0,103.0,0.4971176,112.0,107.0,0.38484567,111.0,92.0,0.56139594,93.0,101.0,0.42474976,93.0,82.0,0.45272675,77.0,84.0,0.49564907
guy3_cobra033_flipped.jpg,86.0,110.0,0.718655,92.0,103.0,0.8104771,84.0,103.0,0.78055596,104.0,100.0,0.7703158,86.0,100.0,0.623782,123.0,106.0,0.39526576,91.0,103.0,0.28043666,148.0,109.0,0.72767365,95.0,113.0,0.5540206,139.0,139.0,0.769014,89.0,130.0,0.7362554,142.0,106.0,0.7393657,127.0,101.0,0.51528096,158.0,102.0,0.5676565,146.0,93.0,0.75415796,180.0,85.0,0.74215555,158.0,82.0,0.59075737
guy3_cobra034.jpg,166.0,108.0,0.78940856,169.0,102.0,0.78135073,160.0,103.0,0.69774556,167.0,97.0,0.5781864,149.0,99.0,0.51784325,162.0,108.0,0.46756086,132.0,107.0,0.33410752,159.0,116.0,0.40286526,107.0,110.0,0.7813252,165.0,133.0,0.72928745,116.0,141.0,0.9269122,126.0,109.0,0.4088879,108.0,111.0,0.5731019,111.0,96.0,0.6834499,92.0,102.0,0.69089305,97.0,84.0,0.6149178,78.0,86.0,0.77201843
guy3_cobra034_flipped.jpg,90.0,108.0,0.79248834,95.0,102.0,0.8109666,87.0,102.0,0.6738616,108.0,98.0,0.7870961,89.0,99.0,0.6349222,126.0,103.0,0.51727414,92.0,103.0,0.34543684,150.0,109.0,0.7106694,98.0,115.0,0.528666,141.0,140.0,0.91100943,91.0,132.0,0.71804947,145.0,108.0,0.76041204,129.0,104.0,0.5765052,158.0,103.0,0.63510233,147.0,94.0,0.6187898,178.0,85.0,0.7357377,158.0,84.0,0.5844016
guy3_cobra035.jpg,162.0,107.0,0.6697677,166.0,102.0,0.5110053,157.0,103.0,0.646634,166.0,97.0,0.24674718,145.0,99.0,0.43042102,159.0,105.0,0.39920172,129.0,107.0,0.24811985,157.0,115.0,0.2664493,106.0,111.0,0.49767932,163.0,133.0,0.5666211,114.0,142.0,0.6500132,124.0,107.0,0.3579292,111.0,111.0,0.35632694,111.0,96.0,0.49283057,93.0,100.0,0.35337424,94.0,83.0,0.42656258,79.0,86.0,0.58087456
guy3_cobra035_flipped.jpg,93.0,107.0,0.5389636,97.0,101.0,0.7463149,90.0,101.0,0.6512589,110.0,97.0,0.5760882,91.0,100.0,0.2922538,128.0,107.0,0.20050462,96.0,111.0,0.29039073,151.0,109.0,0.56878555,99.0,118.0,0.34054244,143.0,137.0,0.28887963,93.0,133.0,0.19934672,144.0,108.0,0.17097361,132.0,105.0,0.16132295,156.0,107.0,0.45071605,149.0,90.0,0.34782806,177.0,82.0,0.41117638,167.0,80.0,0.25949138
guy3_cobra036.jpg,160.0,106.0,0.7128248,163.0,101.0,0.5045656,155.0,102.0,0.6087196,162.0,95.0,0.29415646,143.0,98.0,0.50141656,157.0,106.0,0.47703338,126.0,106.0,0.3547903,156.0,115.0,0.35508117,104.0,112.0,0.63398564,163.0,134.0,0.72196084,111.0,142.0,0.7467791,125.0,109.0,0.50680155,111.0,111.0,0.47437617,111.0,94.0,0.53341156,94.0,102.0,0.34209922,96.0,84.0,0.54450047,80.0,86.0,0.5676007
guy3_cobra036_flipped.jpg,95.0,107.0,0.7495893,100.0,101.0,0.68241537,92.0,101.0,0.60304976,114.0,98.0,0.7952385,95.0,98.0,0.57070774,131.0,106.0,0.43730617,96.0,104.0,0.34971714,152.0,111.0,0.62260735,101.0,114.0,0.4642269,144.0,141.0,0.8871198,94.0,132.0,0.82341397,147.0,108.0,0.6230089,133.0,103.0,0.53647065,159.0,104.0,0.58655626,149.0,93.0,0.6482868,176.0,86.0,0.8666071,160.0,84.0,0.48272502
guy3_cobra037.jpg,157.0,106.0,0.5461482,160.0,101.0,0.681216,153.0,102.0,0.5240551,160.0,96.0,0.26827595,141.0,98.0,0.36346895,155.0,104.0,0.48842317,125.0,106.0,0.18957128,154.0,115.0,0.37739813,104.0,113.0,0.65912807,161.0,135.0,0.55448985,110.0,143.0,0.8096362,124.0,113.0,0.5314828,108.0,113.0,0.49706116,110.0,94.0,0.4764023,93.0,101.0,0.29391786,96.0,84.0,0.6291547,81.0,86.0,0.605536
guy3_cobra037_flipped.jpg,99.0,107.0,0.720698,105.0,101.0,0.8628671,96.0,101.0,0.649667,116.0,97.0,0.5974648,97.0,98.0,0.6752502,133.0,108.0,0.4202038,98.0,103.0,0.43949342,154.0,113.0,0.6009418,103.0,117.0,0.6822675,146.0,143.0,0.75707877,95.0,135.0,0.88104343,147.0,115.0,0.6067104,135.0,112.0,0.4188281,160.0,106.0,0.62379205,148.0,96.0,0.54279596,175.0,86.0,0.77306426,159.0,85.0,0.5586332
guy3_cobra038.jpg,154.0,105.0,0.6413293,157.0,100.0,0.6328695,149.0,101.0,0.648607,158.0,95.0,0.36329374,138.0,98.0,0.4594686,155.0,103.0,0.6131754,123.0,108.0,0.32054257,153.0,116.0,0.28245562,102.0,115.0,0.5234642,160.0,136.0,0.510095,108.0,144.0,0.7341937,124.0,117.0,0.5080619,110.0,116.0,0.4237933,113.0,96.0,0.45802376,95.0,103.0,0.30102986,100.0,86.0,0.4479869,82.0,87.0,0.6284519
guy3_cobra038_flipped.jpg,102.0,106.0,0.74325895,107.0,100.0,0.80983543,99.0,101.0,0.71003574,119.0,98.0,0.8090934,100.0,98.0,0.6334045,135.0,108.0,0.46982455,99.0,104.0,0.31216794,155.0,114.0,0.77128303,105.0,115.0,0.48025802,148.0,142.0,0.8916537,97.0,135.0,0.9250602,143.0,123.0,0.5557171,130.0,121.0,0.4937978,157.0,112.0,0.28598762,145.0,96.0,0.5239332,174.0,86.0,0.74663514,156.0,85.0,0.45500407
guy3_cobra039.jpg,151.0,105.0,0.4255201,155.0,99.0,0.7446671,146.0,100.0,0.5833741,156.0,96.0,0.2976028,134.0,98.0,0.3505165,154.0,103.0,0.6442502,120.0,107.0,0.36818337,151.0,117.0,0.44598407,100.0,113.0,0.5583089,159.0,137.0,0.55287343,106.0,144.0,0.685866,123.0,120.0,0.55464524,110.0,119.0,0.42696655,112.0,98.0,0.52938867,94.0,102.0,0.46358645,98.0,85.0,0.4830255,82.0,87.0,0.74201
guy3_cobra039_flipped.jpg,105.0,106.0,0.6725782,110.0,101.0,0.8510489,102.0,100.0,0.55727184,122.0,98.0,0.7520447,101.0,98.0,0.6761735,138.0,107.0,0.6031932,99.0,104.0,0.5944469,157.0,114.0,0.82711834,107.0,116.0,0.5567344,150.0,143.0,0.8531512,98.0,137.0,0.8954079,145.0,123.0,0.44196427,131.0,120.0,0.45706987,158.0,111.0,0.39689106,144.0,98.0,0.48640534,174.0,87.0,0.8116505,151.0,88.0,0.43779683
guy3_cobra040.jpg,148.0,104.0,0.5100906,151.0,99.0,0.5616561,143.0,101.0,0.40967354,153.0,96.0,0.2848576,131.0,99.0,0.39712468,152.0,102.0,0.518494,117.0,106.0,0.28276417,150.0,117.0,0.5355652,100.0,115.0,0.4721778,156.0,138.0,0.42516378,104.0,145.0,0.65708494,125.0,120.0,0.47731003,108.0,119.0,0.2554338,112.0,98.0,0.38374752,96.0,105.0,0.15708622,98.0,86.0,0.49478656,83.0,88.0,0.6097782
guy3_cobra040_flipped.jpg,107.0,105.0,0.6763867,113.0,100.0,0.7119882,103.0,100.0,0.6852305,124.0,98.0,0.74240375,103.0,97.0,0.70908844,140.0,107.0,0.45586964,100.0,102.0,0.4543378,157.0,115.0,0.79188627,107.0,115.0,0.41472375,151.0,144.0,0.74068975,99.0,137.0,0.8714364,145.0,123.0,0.5437843,130.0,121.0,0.5052581,158.0,110.0,0.3033548,143.0,99.0,0.6792245,172.0,88.0,0.8361011,156.0,86.0,0.43248203
guy3_cobra041.jpg,145.0,104.0,0.66499317,149.0,99.0,0.5845938,140.0,101.0,0.5006334,152.0,95.0,0.3955598,130.0,99.0,0.31289753,150.0,102.0,0.5089605,114.0,106.0,0.27037898,148.0,117.0,0.5475705,98.0,116.0,0.5141674,155.0,138.0,0.44320366,103.0,145.0,0.5813198,124.0,124.0,0.45558,108.0,124.0,0.41916245,112.0,99.0,0.4094655,96.0,104.0,0.2911803,103.0,88.0,0.31176677,84.0,90.0,0.5723691
guy3_cobra041_flipped.jpg,110.0,105.0,0.78093356,116.0,100.0,0.7473763,107.0,100.0,0.66234374,126.0,98.0,0.7062532,105.0,97.0,0.7503203,143.0,105.0,0.5262619,102.0,102.0,0.7735274,159.0,116.0,0.8560604,108.0,117.0,0.5346042,153.0,145.0,0.7819332,101.0,138.0,0.8507548,147.0,126.0,0.6101458,132.0,124.0,0.53382236,159.0,109.0,0.35505512,145.0,100.0,0.5909372,172.0,90.0,0.85003626,155.0,88.0,0.6545094
guy3_cobra042.jpg,143.0,104.0,0.46244684,147.0,99.0,0.48013988,138.0,100.0,0.46422693,150.0,95.0,0.35584354,128.0,98.0,0.2653303,149.0,100.0,0.5799296,112.0,105.0,0.26498514,146.0,116.0,0.44400492,97.0,117.0,0.5996256,154.0,138.0,0.4238794,102.0,146.0,0.7655668,124.0,124.0,0.44671384,107.0,123.0,0.49110433,112.0,99.0,0.45467532,96.0,105.0,0.16718055,104.0,88.0,0.39667043,85.0,89.0,0.4640049
guy3_cobra042_flipped.jpg,113.0,106.0,0.66688234,119.0,101.0,0.6666038,110.0,100.0,0.81010926,129.0,98.0,0.634506,109.0,97.0,0.56583595,146.0,105.0,0.6898772,104.0,101.0,0.6328168,161.0,117.0,0.8585645,110.0,115.0,0.6391789,155.0,145.0,0.77718115,102.0,139.0,0.85649586,150.0,127.0,0.570145,134.0,125.0,0.517462,159.0,109.0,0.33442017,145.0,101.0,0.5738821,170.0,88.0,0.68885636,152.0,89.0,0.41896537
guy3_cobra043.jpg,141.0,105.0,0.67713153,144.0,100.0,0.5242351,136.0,101.0,0.5220923,147.0,96.0,0.4350925,124.0,97.0,0.49015212,147.0,101.0,0.5981692,109.0,106.0,0.3545663,146.0,118.0,0.5183526,96.0,119.0,0.74301815,153.0,140.0,0.58142805,101.0,147.0,0.7504887,124.0,126.0,0.4881337,106.0,126.0,0.49566227,111.0,99.0,0.3456418,97.0,106.0,0.394315,102.0,88.0,0.45863265,87.0,90.0,0.46779677
guy3_cobra043_flipped.jpg,115.0,106.0,0.5634196,121.0,100.0,0.8338293,112.0,100.0,0.7169354,132.0,98.0,0.6048986,111.0,97.0,0.4822617,147.0,105.0,0.5940387,106.0,101.0,0.8398586,160.0,119.0,0.80552685,112.0,118.0,0.62682676,155.0,146.0,0.73658335,103.0,141.0,0.86120826,151.0,126.0,0.670599,133.0,125.0,0.49362823,158.0,107.0,0.4487379,145.0,98.0,0.64303917,169.0,88.0,0.7267773,154.0,87.0,0.5515598
guy3_cobra044.jpg,138.0,106.0,0.67048645,142.0,101.0,0.4600811,133.0,102.0,0.58358026,146.0,97.0,0.45160818,123.0,98.0,0.35649964,147.0,102.0,0.6837465,109.0,107.0,0.3253509,144.0,119.0,0.39804503,95.0,121.0,0.7033778,152.0,141.0,0.3609614,100.0,148.0,0.58812994,123.0,127.0,0.49850112,105.0,127.0,0.42806885,112.0,98.0,0.22325894,96.0,103.0,0.26764995,105.0,89.0,0.20491831,87.0,90.0,0.43340823
guy3_cobra044_flipped.jpg,118.0,106.0,0.651525,123.0,101.0,0.7344109,115.0,101.0,0.6426811,134.0,97.0,0.6923486,113.0,97.0,0.62734854,150.0,105.0,0.6715174,108.0,101.0,0.6563487,162.0,122.0,0.84836954,113.0,119.0,0.7396432,157.0,147.0,0.73974013,105.0,141.0,0.7389802,151.0,128.0,0.5929433,133.0,125.0,0.4611741,159.0,104.0,0.5356809,145.0,98.0,0.49978513,169.0,89.0,0.761569,151.0,90.0,0.33322588
guy3_cobra045.jpg,136.0,106.0,0.586352,140.0,101.0,0.36058915,131.0,102.0,0.56356764,143.0,98.0,0.3771798,121.0,99.0,0.46030578,145.0,104.0,0.7488582,106.0,107.0,0.36088872,145.0,122.0,0.5506125,95.0,122.0,0.7666323,152.0,144.0,0.6862829,99.0,149.0,0.7106209,124.0,128.0,0.51316905,105.0,128.0,0.46313104,111.0,101.0,0.19340642,99.0,104.0,0.23647705,106.0,91.0,0.22705492,90.0,93.0,0.3281642
guy3_cobra045_flipped.jpg,120.0,107.0,0.7629378,125.0,101.0,0.8597357,116.0,101.0,0.8355685,136.0,97.0,0.6923287,115.0,98.0,0.60416263,151.0,106.0,0.8165734,110.0,103.0,0.78482974,162.0,122.0,0.86445606,113.0,121.0,0.75921625,158.0,148.0,0.8921798,105.0,144.0,0.8530636,151.0,130.0,0.71807796,134.0,129.0,0.6059338,158.0,110.0,0.28297588,145.0,101.0,0.30364892,167.0,91.0,0.72587895,151.0,91.0,0.35429394
guy3_cobra046.jpg,134.0,107.0,0.43555123,138.0,101.0,0.50307965,130.0,102.0,0.7712096,140.0,96.0,0.55764663,120.0,99.0,0.54629636,144.0,103.0,0.7400151,104.0,108.0,0.42114735,143.0,120.0,0.7342771,94.0,122.0,0.8238131,150.0,144.0,0.6334496,98.0,149.0,0.58443266,123.0,129.0,0.5266489,104.0,129.0,0.5038205,112.0,103.0,0.13163005,99.0,108.0,0.37366885,107.0,91.0,0.33553228,90.0,92.0,0.5225953
guy3_cobra046_flipped.jpg,122.0,107.0,0.57952416,127.0,102.0,0.7358926,118.0,102.0,0.6510323,137.0,99.0,0.56669915,117.0,99.0,0.40344134,153.0,107.0,0.8084668,111.0,104.0,0.8242682,162.0,123.0,0.8470297,113.0,121.0,0.8775797,158.0,149.0,0.8746128,107.0,144.0,0.63201964,152.0,130.0,0.7346374,132.0,130.0,0.58686566,158.0,103.0,0.6312517,144.0,100.0,0.31809586,167.0,91.0,0.8078083,148.0,93.0,0.31282136
guy3_cobra047_flipped.jpg,124.0,107.0,0.80465996,128.0,102.0,0.87727654,120.0,102.0,0.8336337,137.0,99.0,0.62942404,117.0,98.0,0.40646052,153.0,107.0,0.7661486,112.0,105.0,0.59646463,162.0,123.0,0.80975884,113.0,121.0,0.8138844,159.0,150.0,0.820353,107.0,144.0,0.88587326,151.0,132.0,0.65669346,130.0,130.0,0.47805557,157.0,105.0,0.4778267,141.0,101.0,0.23728967,163.0,93.0,0.6886488,148.0,93.0,0.26953006
guy3_cobra048.jpg,132.0,108.0,0.60335916,135.0,103.0,0.42817792,127.0,104.0,0.71844625,137.0,98.0,0.57715535,117.0,101.0,0.4798668,143.0,103.0,0.7868515,102.0,109.0,0.43835253,143.0,122.0,0.66025937,94.0,124.0,0.7792924,149.0,146.0,0.7435875,97.0,151.0,0.84610754,124.0,132.0,0.5599681,105.0,132.0,0.47972557,111.0,107.0,0.21529819,101.0,106.0,0.37778172,110.0,94.0,0.2832365,95.0,94.0,0.44733423
guy3_cobra048_flipped.jpg,125.0,109.0,0.60360897,129.0,104.0,0.69666356,121.0,103.0,0.76084816,139.0,101.0,0.5501801,118.0,101.0,0.5790741,153.0,109.0,0.5756196,112.0,107.0,0.7353252,162.0,125.0,0.81044245,112.0,122.0,0.8922872,159.0,150.0,0.9143943,107.0,146.0,0.9208376,151.0,134.0,0.63035125,130.0,133.0,0.6944642,158.0,111.0,0.3868454,143.0,103.0,0.25699663,163.0,94.0,0.650705,150.0,97.0,0.16782215
guy3_cobra049.jpg,130.0,109.0,0.7431438,133.0,104.0,0.7993079,126.0,105.0,0.73101544,135.0,100.0,0.64463055,116.0,100.0,0.56731415,143.0,104.0,0.8802751,101.0,109.0,0.32051384,142.0,123.0,0.8195354,94.0,124.0,0.900188,148.0,147.0,0.8785877,96.0,150.0,0.85894513,124.0,132.0,0.6268295,103.0,132.0,0.49410814,110.0,109.0,0.29842716,100.0,107.0,0.4873136,110.0,96.0,0.23381749,95.0,95.0,0.511895
guy3_cobra049_flipped.jpg,126.0,110.0,0.74227285,131.0,104.0,0.6928745,122.0,104.0,0.7140454,141.0,101.0,0.52356744,120.0,101.0,0.5770439,154.0,110.0,0.6733954,114.0,106.0,0.78579223,162.0,125.0,0.795715,113.0,123.0,0.8361362,160.0,150.0,0.6550021,108.0,147.0,0.8926169,152.0,134.0,0.79576325,131.0,133.0,0.58443546,156.0,108.0,0.38060868,143.0,104.0,0.19999827,161.0,93.0,0.760512,146.0,97.0,0.28074968
guy3_cobra050.jpg,129.0,111.0,0.6392857,133.0,105.0,0.6394043,125.0,106.0,0.72316396,135.0,101.0,0.5743788,116.0,103.0,0.31079572,143.0,106.0,0.8690794,102.0,110.0,0.5440209,143.0,125.0,0.7446759,95.0,126.0,0.77880156,148.0,148.0,0.7751229,96.0,152.0,0.910465,126.0,134.0,0.61084104,105.0,134.0,0.66608673,117.0,111.0,0.3184986,101.0,111.0,0.69066143,115.0,97.0,0.1784009,97.0,97.0,0.6660229
guy3_cobra050_flipped.jpg,127.0,110.0,0.7744055,132.0,105.0,0.77050936,123.0,104.0,0.6468757,141.0,101.0,0.6052972,121.0,101.0,0.4943465,154.0,109.0,0.750227,113.0,107.0,0.9076477,162.0,126.0,0.7827071,113.0,125.0,0.78889275,159.0,152.0,0.8343846,108.0,148.0,0.83978474,151.0,135.0,0.8294266,130.0,135.0,0.6432531,157.0,119.0,0.17927898,141.0,115.0,0.24396841,159.0,97.0,0.44521034,145.0,98.0,0.268732
guy3_cobra051.jpg,128.0,112.0,0.66425705,132.0,106.0,0.7537555,124.0,107.0,0.6016449,135.0,103.0,0.7011579,115.0,103.0,0.46955544,143.0,108.0,0.7534347,101.0,111.0,0.6146754,144.0,126.0,0.81942534,95.0,126.0,0.8818228,148.0,150.0,0.8144752,96.0,153.0,0.6521892,127.0,135.0,0.3474584,105.0,134.0,0.6356133,117.0,113.0,0.30824208,102.0,111.0,0.649717,121.0,103.0,0.106352784,99.0,98.0,0.65220535
guy3_cobra051_flipped.jpg,128.0,111.0,0.7465821,133.0,106.0,0.8000128,124.0,105.0,0.7061179,142.0,102.0,0.59376085,121.0,102.0,0.61264616,154.0,110.0,0.73802316,114.0,109.0,0.67711836,161.0,127.0,0.887733,113.0,126.0,0.78300655,160.0,153.0,0.8965207,108.0,151.0,0.68873256,150.0,136.0,0.79232895,128.0,135.0,0.6281967,158.0,119.0,0.11753345,138.0,117.0,0.11410309,158.0,93.0,0.6629869,142.0,100.0,0.21421973
guy3_cobra052.jpg,127.0,112.0,0.6732589,131.0,107.0,0.7297119,123.0,107.0,0.75104785,135.0,104.0,0.49263948,113.0,104.0,0.49864656,143.0,109.0,0.68478733,100.0,112.0,0.55880004,144.0,127.0,0.6554649,95.0,127.0,0.9172634,148.0,151.0,0.8150499,97.0,153.0,0.8187165,127.0,133.0,0.5509169,106.0,134.0,0.7217783,119.0,114.0,0.25462294,101.0,111.0,0.54744,120.0,104.0,0.13057756,100.0,99.0,0.48843417
guy3_cobra052_flipped.jpg,129.0,112.0,0.7120944,133.0,107.0,0.8414818,125.0,107.0,0.75466126,142.0,103.0,0.50108016,122.0,104.0,0.50524145,154.0,112.0,0.6600853,115.0,110.0,0.78393364,160.0,128.0,0.77600986,113.0,126.0,0.8283762,159.0,153.0,0.8266143,109.0,149.0,0.72402996,150.0,137.0,0.6204676,128.0,136.0,0.416366,154.0,110.0,0.42733133,141.0,108.0,0.16266812,155.0,98.0,0.5220877,145.0,102.0,0.20122169
guy3_cobra053_flipped.jpg,130.0,114.0,0.67692363,135.0,109.0,0.6152568,126.0,109.0,0.8083464,143.0,106.0,0.510846,123.0,106.0,0.6651209,154.0,115.0,0.51216793,115.0,112.0,0.834967,161.0,131.0,0.79275465,113.0,129.0,0.8254474,160.0,155.0,0.83759665,109.0,153.0,0.7475543,151.0,137.0,0.56569695,129.0,137.0,0.42620495,154.0,111.0,0.45726776,144.0,108.0,0.21334454,154.0,102.0,0.37663028,143.0,105.0,0.24551757
guy3_cobra054_flipped.jpg,130.0,115.0,0.8017701,134.0,110.0,0.7984056,126.0,110.0,0.6831461,143.0,107.0,0.52809656,122.0,107.0,0.74314356,154.0,115.0,0.7550378,114.0,113.0,0.69945943,160.0,132.0,0.8571425,112.0,130.0,0.773643,159.0,157.0,0.85078365,108.0,153.0,0.80135375,150.0,139.0,0.65277123,129.0,138.0,0.59517395,155.0,114.0,0.44848883,141.0,113.0,0.11623624,153.0,104.0,0.3671523,143.0,105.0,0.22900686
guy3_cobra055.jpg,126.0,116.0,0.66990054,130.0,111.0,0.8334701,122.0,112.0,0.6815329,135.0,106.0,0.70786256,114.0,107.0,0.3888334,143.0,114.0,0.7384412,103.0,115.0,0.5697192,145.0,131.0,0.82268876,97.0,132.0,0.82673985,149.0,155.0,0.8819553,97.0,157.0,0.76184237,127.0,140.0,0.5771437,107.0,140.0,0.6422292,119.0,115.0,0.13061845,102.0,114.0,0.6771078,118.0,105.0,0.13347565,106.0,102.0,0.52837765
guy3_cobra056_flipped.jpg,131.0,117.0,0.69321465,135.0,112.0,0.72315204,126.0,112.0,0.79158866,143.0,109.0,0.5789107,122.0,109.0,0.7281809,155.0,117.0,0.62789166,113.0,116.0,0.7470784,159.0,135.0,0.7487527,111.0,134.0,0.7158059,158.0,159.0,0.87457675,107.0,156.0,0.8262642,149.0,143.0,0.85620487,128.0,143.0,0.6815052,157.0,125.0,0.22532126,137.0,122.0,0.12040747,148.0,103.0,0.3166011,144.0,106.0,0.27241838
guy3_cobra057_flipped.jpg,131.0,119.0,0.74574757,135.0,114.0,0.6236309,126.0,114.0,0.6453562,143.0,111.0,0.57691586,122.0,111.0,0.5474515,154.0,118.0,0.82838196,113.0,117.0,0.83890617,158.0,136.0,0.831069,110.0,134.0,0.6939623,158.0,159.0,0.83412427,107.0,158.0,0.8073221,148.0,144.0,0.8469815,127.0,144.0,0.72662556,156.0,130.0,0.23180892,136.0,128.0,0.19213459,147.0,107.0,0.26191634,139.0,110.0,0.1580185
guy3_cobra059.jpg,126.0,121.0,0.6776655,130.0,117.0,0.6618536,121.0,117.0,0.58021927,135.0,113.0,0.5805576,114.0,114.0,0.47736678,143.0,120.0,0.7695069,105.0,120.0,0.75550544,149.0,137.0,0.79038936,101.0,138.0,0.7526607,150.0,161.0,0.78420323,99.0,162.0,0.69294024,133.0,146.0,0.7534478,113.0,148.0,0.77458274,138.0,121.0,0.27890605,117.0,122.0,0.1758508,137.0,119.0,0.17788273,126.0,114.0,0.24093696
guy3_cobra060_flipped.jpg,131.0,123.0,0.71949756,135.0,119.0,0.7239944,126.0,118.0,0.7213798,140.0,116.0,0.562032,120.0,115.0,0.6570879,150.0,123.0,0.7999376,111.0,122.0,0.81764406,155.0,140.0,0.875393,108.0,140.0,0.8916075,156.0,164.0,0.7030722,105.0,162.0,0.74268794,142.0,147.0,0.84457344,122.0,147.0,0.8316296,149.0,125.0,0.25069395,125.0,127.0,0.21424073,150.0,120.0,0.10759343,131.0,115.0,0.20403272
guy3_cobra061.jpg,126.0,124.0,0.6323715,130.0,120.0,0.8512544,121.0,120.0,0.7287103,137.0,116.0,0.5964774,116.0,117.0,0.55660224,145.0,123.0,0.77793217,106.0,124.0,0.5908855,150.0,140.0,0.855152,102.0,142.0,0.7538623,152.0,164.0,0.8161715,100.0,165.0,0.80040616,136.0,149.0,0.8025059,115.0,149.0,0.7673197,141.0,125.0,0.36195958,114.0,127.0,0.21240142,138.0,117.0,0.17208378,118.0,116.0,0.13144991
guy3_cobra061_flipped.jpg,131.0,124.0,0.6002956,135.0,120.0,0.8033311,126.0,120.0,0.6507066,140.0,117.0,0.51917946,119.0,116.0,0.47871378,150.0,123.0,0.73568165,110.0,123.0,0.66661406,155.0,141.0,0.7856976,107.0,140.0,0.86184776,156.0,165.0,0.85644686,104.0,163.0,0.76278347,143.0,148.0,0.75753963,121.0,149.0,0.7668066,149.0,124.0,0.3142254,123.0,126.0,0.23817928,150.0,119.0,0.10299709,131.0,116.0,0.28243244
guy3_cobra062.jpg,126.0,126.0,0.65727216,130.0,121.0,0.7623675,121.0,121.0,0.5851201,137.0,118.0,0.63086134,116.0,118.0,0.5540266,146.0,125.0,0.70069957,107.0,126.0,0.6994499,151.0,143.0,0.723519,103.0,143.0,0.84567523,152.0,167.0,0.83080256,101.0,166.0,0.8051882,137.0,149.0,0.78675187,116.0,150.0,0.8129586,141.0,130.0,0.43933773,120.0,130.0,0.1690779,142.0,119.0,0.24734502,121.0,118.0,0.1926026
guy3_cobra062_flipped.jpg,131.0,126.0,0.5752573,135.0,121.0,0.8322655,126.0,121.0,0.7372554,139.0,118.0,0.58408356,119.0,117.0,0.46895072,149.0,125.0,0.79655,109.0,124.0,0.8421975,154.0,143.0,0.80838954,106.0,143.0,0.6634622,155.0,166.0,0.9216776,104.0,167.0,0.84916776,140.0,151.0,0.7731792,118.0,151.0,0.80402625,142.0,129.0,0.22565164,120.0,129.0,0.28799915,145.0,124.0,0.13199817,124.0,129.0,0.15473686
guy3_cobra063_flipped.jpg,130.0,127.0,0.6784024,134.0,123.0,0.5580641,126.0,123.0,0.53913987,138.0,120.0,0.6003214,118.0,118.0,0.5470339,148.0,127.0,0.71693283,108.0,126.0,0.7188195,152.0,144.0,0.73672295,104.0,144.0,0.78406644,154.0,167.0,0.87556475,102.0,167.0,0.7959969,138.0,152.0,0.687083,117.0,152.0,0.8306662,140.0,131.0,0.2697901,118.0,133.0,0.26763776,142.0,124.0,0.16116522,117.0,114.0,0.3665649
guy3_cobra064_flipped.jpg,130.0,129.0,0.63301766,134.0,124.0,0.7108848,125.0,124.0,0.73524076,138.0,122.0,0.6311251,117.0,120.0,0.64945436,147.0,129.0,0.81039846,107.0,127.0,0.7298237,151.0,145.0,0.7526872,103.0,146.0,0.8911474,153.0,169.0,0.7176621,102.0,170.0,0.8635403,138.0,154.0,0.80171543,116.0,154.0,0.7794514,140.0,129.0,0.14077942,117.0,132.0,0.28500047,141.0,126.0,0.14798597,115.0,113.0,0.3123143
guy3_cobra065.jpg,126.0,131.0,0.43856826,131.0,126.0,0.82246405,122.0,126.0,0.6894905,139.0,122.0,0.5965436,117.0,123.0,0.50393474,150.0,129.0,0.87239105,109.0,130.0,0.6307329,155.0,148.0,0.7974469,106.0,146.0,0.8870842,155.0,172.0,0.88246554,103.0,171.0,0.8363769,142.0,154.0,0.71622026,120.0,155.0,0.77318954,148.0,131.0,0.28695366,126.0,134.0,0.13663258,145.0,119.0,0.3018711,129.0,123.0,0.23635724
guy3_cobra065_flipped.jpg,130.0,131.0,0.5746387,134.0,127.0,0.65632975,126.0,127.0,0.66731024,138.0,123.0,0.45914114,117.0,122.0,0.61111164,147.0,131.0,0.7023623,107.0,129.0,0.75697947,151.0,147.0,0.8527986,102.0,149.0,0.6304237,153.0,171.0,0.83969617,101.0,172.0,0.67995095,136.0,156.0,0.8044114,115.0,156.0,0.71534485,139.0,133.0,0.15080021,115.0,135.0,0.18636931,139.0,127.0,0.1685295,112.0,115.0,0.5617279
guy3_cobra066.jpg,126.0,133.0,0.66223025,131.0,128.0,0.82019126,122.0,128.0,0.8037474,139.0,123.0,0.66133404,118.0,124.0,0.43512434,149.0,130.0,0.7263405,109.0,131.0,0.78322554,155.0,150.0,0.8060526,107.0,148.0,0.83120847,156.0,174.0,0.8905303,104.0,172.0,0.87857276,143.0,156.0,0.7723272,122.0,157.0,0.73069423,148.0,128.0,0.53922033,109.0,132.0,0.35641217,146.0,116.0,0.42795432,130.0,122.0,0.117468156
guy3_cobra066_flipped.jpg,130.0,133.0,0.7037833,133.0,128.0,0.6572521,125.0,128.0,0.6715176,137.0,124.0,0.54234576,117.0,124.0,0.41609716,146.0,131.0,0.7443795,106.0,130.0,0.6308007,149.0,148.0,0.7561968,101.0,150.0,0.75214094,152.0,173.0,0.82133853,100.0,175.0,0.8869468,134.0,158.0,0.7547196,113.0,157.0,0.7275976,131.0,136.0,0.12993096,106.0,130.0,0.44136432,138.0,129.0,0.11235044,110.0,116.0,0.45524266
guy3_cobra068.jpg,126.0,136.0,0.7589489,131.0,131.0,0.90274763,122.0,131.0,0.803089,140.0,126.0,0.6653513,118.0,128.0,0.50954807,151.0,134.0,0.7102076,111.0,134.0,0.8522926,158.0,153.0,0.73253965,108.0,151.0,0.9121097,157.0,178.0,0.8637936,104.0,176.0,0.92529994,146.0,159.0,0.7067578,124.0,160.0,0.52366245,152.0,132.0,0.40778184,110.0,134.0,0.48765442,151.0,118.0,0.5061604,138.0,124.0,0.2376657
guy3_cobra068_flipped.jpg,130.0,136.0,0.53152037,133.0,131.0,0.73122394,125.0,131.0,0.70384187,137.0,127.0,0.6510562,116.0,126.0,0.54237807,146.0,134.0,0.5909051,104.0,133.0,0.70504934,148.0,153.0,0.7386075,99.0,154.0,0.65527385,151.0,176.0,0.87474513,99.0,178.0,0.7240876,132.0,160.0,0.73473024,111.0,160.0,0.7229056,128.0,142.0,0.1027209,105.0,133.0,0.6565032,118.0,123.0,0.17706509,108.0,121.0,0.44988334
guy3_cobra069.jpg,126.0,138.0,0.69295955,131.0,133.0,0.7143035,122.0,133.0,0.78952146,140.0,128.0,0.6766856,118.0,130.0,0.510098,152.0,136.0,0.7224386,112.0,137.0,0.749164,159.0,155.0,0.7577003,109.0,153.0,0.8085944,158.0,180.0,0.774529,105.0,178.0,0.8104319,147.0,161.0,0.7391145,126.0,162.0,0.77378434,153.0,142.0,0.396868,112.0,138.0,0.3853792,153.0,129.0,0.18419224,134.0,128.0,0.15300778
guy3_cobra069_flipped.jpg,130.0,138.0,0.5932411,133.0,133.0,0.6619638,126.0,133.0,0.7681313,136.0,130.0,0.5782821,116.0,128.0,0.6942006,145.0,136.0,0.6461203,104.0,136.0,0.5931232,147.0,154.0,0.75977033,98.0,155.0,0.8045049,151.0,178.0,0.732651,98.0,181.0,0.7945794,130.0,163.0,0.79080343,110.0,163.0,0.7064666,146.0,134.0,0.3581488,104.0,135.0,0.6032373,140.0,134.0,0.14683945,104.0,132.0,0.14515369
guy3_cobra070.jpg,127.0,139.0,0.7309399,131.0,134.0,0.6852293,123.0,134.0,0.7533673,140.0,130.0,0.6350217,119.0,131.0,0.6229799,153.0,138.0,0.6104506,113.0,137.0,0.8134239,159.0,157.0,0.8220529,110.0,155.0,0.8358764,159.0,181.0,0.88018775,106.0,179.0,0.8953355,147.0,163.0,0.77130115,127.0,163.0,0.65078485,154.0,139.0,0.30906847,112.0,138.0,0.4014008,154.0,130.0,0.183382,137.0,129.0,0.12050488
guy3_cobra070_flipped.jpg,130.0,139.0,0.72860575,133.0,134.0,0.82508445,125.0,134.0,0.72201574,137.0,131.0,0.590341,116.0,129.0,0.6269641,145.0,137.0,0.73199606,102.0,137.0,0.6910025,146.0,155.0,0.8859257,97.0,157.0,0.92110145,150.0,179.0,0.90828574,98.0,182.0,0.64720076,130.0,163.0,0.59637785,108.0,163.0,0.59504724,145.0,135.0,0.1874869,103.0,136.0,0.7085899,113.0,123.0,0.38169736,101.0,123.0,0.44528538
guy3_cobra071.jpg,127.0,141.0,0.72921145,131.0,136.0,0.90730315,123.0,136.0,0.75770265,141.0,131.0,0.63668203,119.0,133.0,0.52738106,154.0,139.0,0.7363636,113.0,139.0,0.6374379,160.0,159.0,0.79104567,111.0,157.0,0.85546696,159.0,184.0,0.89726144,106.0,181.0,0.7467834,149.0,166.0,0.7878777,128.0,166.0,0.6646011,155.0,137.0,0.5274036,140.0,133.0,0.23551902,157.0,129.0,0.28569493,139.0,129.0,0.18389092
guy3_cobra072_flipped.jpg,130.0,143.0,0.574188,135.0,138.0,0.78666997,126.0,138.0,0.5697579,137.0,133.0,0.6198821,116.0,132.0,0.65862465,145.0,139.0,0.66497695,100.0,142.0,0.80315995,145.0,159.0,0.71806556,96.0,161.0,0.88315046,150.0,182.0,0.8646107,97.0,186.0,0.8250596,125.0,165.0,0.50071573,106.0,166.0,0.6632118,118.0,145.0,0.3789276,101.0,140.0,0.67735857,110.0,126.0,0.397265,97.0,128.0,0.31905723
guy3_cobra073.jpg,125.0,144.0,0.7353106,130.0,139.0,0.84476113,121.0,139.0,0.51164854,140.0,135.0,0.56351554,118.0,136.0,0.49703878,153.0,143.0,0.6496985,113.0,142.0,0.7243816,161.0,162.0,0.8548219,112.0,159.0,0.7753789,160.0,188.0,0.8687654,107.0,183.0,0.7649089,149.0,170.0,0.6632887,128.0,170.0,0.74625623,155.0,141.0,0.526795,140.0,140.0,0.19884707,157.0,134.0,0.27603325,140.0,134.0,0.21019903
guy3_cobra073_flipped.jpg,131.0,145.0,0.6245288,135.0,139.0,0.52958035,126.0,140.0,0.6476363,137.0,136.0,0.55680096,115.0,135.0,0.5193846,144.0,141.0,0.81687355,99.0,143.0,0.66344094,144.0,160.0,0.69437623,95.0,162.0,0.89510375,149.0,184.0,0.74350834,96.0,187.0,0.84199345,124.0,167.0,0.45816937,105.0,167.0,0.5250429,117.0,146.0,0.38788858,100.0,142.0,0.7205551,108.0,128.0,0.44060186,93.0,128.0,0.45956898
guy3_cobra074.jpg,125.0,147.0,0.6711465,130.0,141.0,0.7773968,121.0,141.0,0.80266595,141.0,137.0,0.4452661,119.0,138.0,0.47087345,154.0,146.0,0.754871,113.0,144.0,0.8574393,162.0,164.0,0.77575856,113.0,162.0,0.80392224,160.0,191.0,0.81737036,108.0,186.0,0.87390363,151.0,171.0,0.5747924,129.0,170.0,0.53333867,157.0,143.0,0.6050423,142.0,138.0,0.3311872,164.0,132.0,0.7654643,146.0,134.0,0.39973152
guy3_cobra075.jpg,125.0,149.0,0.6868427,130.0,143.0,0.7192245,121.0,143.0,0.65147114,141.0,138.0,0.7046882,119.0,139.0,0.59900784,155.0,147.0,0.631307,113.0,145.0,0.7916519,163.0,166.0,0.59382,114.0,163.0,0.76971686,161.0,193.0,0.86825293,108.0,188.0,0.6840601,152.0,174.0,0.69529355,131.0,172.0,0.49585897,158.0,147.0,0.5056484,140.0,148.0,0.10886344,161.0,140.0,0.34443367,149.0,137.0,0.28778568
guy3_cobra075_flipped.jpg,131.0,148.0,0.6215981,135.0,143.0,0.67653835,127.0,143.0,0.68181074,137.0,139.0,0.49628738,116.0,138.0,0.56375563,144.0,144.0,0.8398099,99.0,147.0,0.6247965,143.0,164.0,0.6218198,93.0,166.0,0.87544125,149.0,187.0,0.85014856,96.0,192.0,0.87292206,123.0,172.0,0.5303627,103.0,173.0,0.5786822,117.0,148.0,0.37815237,99.0,147.0,0.74905014,115.0,139.0,0.100788884,89.0,132.0,0.6472578
guy3_cobra076.jpg,125.0,150.0,0.7021735,130.0,144.0,0.8861296,121.0,144.0,0.7537811,140.0,140.0,0.52431214,119.0,140.0,0.4426162,155.0,149.0,0.52863014,114.0,146.0,0.7738456,165.0,168.0,0.679071,115.0,165.0,0.81826216,161.0,195.0,0.8920816,108.0,188.0,0.65170026,154.0,175.0,0.6773088,131.0,174.0,0.5004488,159.0,149.0,0.54534304,144.0,146.0,0.19737177,165.0,138.0,0.29259935,151.0,137.0,0.2168649
guy3_cobra076_flipped.jpg,131.0,150.0,0.5752564,135.0,145.0,0.5632899,127.0,145.0,0.77625835,136.0,141.0,0.6087359,116.0,140.0,0.67275786,143.0,145.0,0.8513705,99.0,149.0,0.58104354,142.0,166.0,0.78050363,92.0,168.0,0.9141127,149.0,189.0,0.84073806,95.0,193.0,0.89175254,122.0,173.0,0.578166,101.0,174.0,0.48408505,113.0,152.0,0.37593478,99.0,149.0,0.52291405,102.0,133.0,0.40195125,88.0,135.0,0.6812253
guy3_cobra077.jpg,124.0,152.0,0.7145049,129.0,146.0,0.7728503,120.0,146.0,0.73484886,140.0,142.0,0.5770782,118.0,142.0,0.43944275,155.0,151.0,0.72249085,113.0,148.0,0.6805184,165.0,169.0,0.6296809,115.0,167.0,0.8295852,161.0,197.0,0.8492415,108.0,191.0,0.765676,153.0,176.0,0.64646614,132.0,175.0,0.5552639,159.0,150.0,0.5060736,141.0,150.0,0.20005658,171.0,139.0,0.6395516,153.0,139.0,0.30053428
guy3_cobra077_flipped.jpg,132.0,151.0,0.65490913,136.0,145.0,0.7397673,127.0,146.0,0.763007,137.0,142.0,0.557016,116.0,141.0,0.7477438,142.0,147.0,0.84922,98.0,151.0,0.6661393,141.0,167.0,0.6649812,92.0,169.0,0.8739947,148.0,190.0,0.86869806,95.0,196.0,0.8363144,122.0,176.0,0.6699423,102.0,176.0,0.53093827,115.0,153.0,0.41449317,97.0,152.0,0.5675001,101.0,135.0,0.3872853,85.0,136.0,0.67892575
guy3_cobra078.jpg,124.0,153.0,0.6398297,129.0,147.0,0.80346847,120.0,147.0,0.66879666,139.0,143.0,0.66559875,118.0,144.0,0.4290741,155.0,154.0,0.6197977,114.0,150.0,0.6260843,165.0,170.0,0.49608868,116.0,169.0,0.66521865,161.0,198.0,0.7724736,109.0,192.0,0.77261746,154.0,178.0,0.56651103,133.0,177.0,0.49830818,163.0,155.0,0.46072233,146.0,150.0,0.29136652,172.0,140.0,0.52609336,159.0,140.0,0.2768153
guy3_cobra078_flipped.jpg,133.0,153.0,0.6892266,136.0,147.0,0.7006781,127.0,147.0,0.72540283,137.0,144.0,0.691841,116.0,143.0,0.7000536,143.0,149.0,0.8771889,100.0,151.0,0.35580325,141.0,169.0,0.6736939,91.0,170.0,0.8339968,148.0,192.0,0.8770702,95.0,198.0,0.77515584,122.0,178.0,0.6253078,102.0,178.0,0.6091671,108.0,153.0,0.32434615,91.0,155.0,0.44415793,105.0,142.0,0.1073749,83.0,139.0,0.66503656
guy3_cobra079.jpg,124.0,154.0,0.59881055,128.0,148.0,0.8209924,120.0,148.0,0.76662624,139.0,145.0,0.74491227,119.0,145.0,0.4483481,155.0,154.0,0.57847035,115.0,151.0,0.7415532,166.0,173.0,0.5223809,116.0,171.0,0.74407566,161.0,200.0,0.728741,109.0,193.0,0.71050286,153.0,180.0,0.5035721,132.0,180.0,0.38031468,160.0,155.0,0.4426305,144.0,155.0,0.16269453,171.0,143.0,0.32182628,159.0,143.0,0.21934141
guy3_cobra080.jpg,122.0,156.0,0.62757385,128.0,150.0,0.58246076,119.0,150.0,0.6084063,139.0,147.0,0.69455063,117.0,147.0,0.2413215,155.0,158.0,0.45076993,115.0,155.0,0.61290157,166.0,174.0,0.41704273,117.0,172.0,0.5459217,162.0,202.0,0.785103,110.0,195.0,0.58012915,155.0,184.0,0.2938166,134.0,181.0,0.24908857,169.0,158.0,0.19967645,152.0,153.0,0.2835329,177.0,143.0,0.5456373,164.0,142.0,0.37225917
guy3_cobra080_flipped.jpg,133.0,156.0,0.68632567,137.0,151.0,0.5869513,128.0,151.0,0.75471354,138.0,147.0,0.6531619,117.0,146.0,0.5165267,142.0,152.0,0.84636945,101.0,155.0,0.39571568,140.0,172.0,0.5454229,90.0,174.0,0.81851405,147.0,195.0,0.79678905,95.0,202.0,0.8620818,120.0,182.0,0.5510806,101.0,181.0,0.4708018,109.0,157.0,0.24630623,88.0,159.0,0.45036507,103.0,150.0,0.10141958,79.0,143.0,0.5818588
guy3_cobra081.jpg,122.0,157.0,0.6801635,127.0,151.0,0.69447947,119.0,151.0,0.644695,138.0,148.0,0.6028311,117.0,149.0,0.23959292,154.0,158.0,0.38352847,115.0,155.0,0.6375879,167.0,175.0,0.47019306,117.0,172.0,0.5383338,162.0,204.0,0.63825953,110.0,196.0,0.38492808,154.0,185.0,0.4600798,135.0,183.0,0.39242005,169.0,160.0,0.108173154,152.0,155.0,0.2893806,178.0,146.0,0.53508157,165.0,144.0,0.3340963
guy3_cobra081_flipped.jpg,133.0,157.0,0.65068305,137.0,152.0,0.5968825,129.0,152.0,0.72964096,138.0,149.0,0.3895059,118.0,148.0,0.72611547,141.0,154.0,0.66791844,100.0,157.0,0.59141684,139.0,174.0,0.48070273,90.0,175.0,0.7634781,146.0,195.0,0.5151865,95.0,204.0,0.78365177,117.0,180.0,0.50417423,100.0,178.0,0.32828975,103.0,154.0,0.24272999,90.0,158.0,0.22331053,94.0,143.0,0.19551948,81.0,144.0,0.24152686
guy3_cobra082.jpg,121.0,158.0,0.6372391,126.0,153.0,0.62537265,118.0,153.0,0.61171037,138.0,150.0,0.5541408,116.0,150.0,0.23645042,153.0,161.0,0.53408796,115.0,158.0,0.757076,167.0,178.0,0.55250263,118.0,175.0,0.50637484,161.0,207.0,0.71584356,110.0,198.0,0.54037416,155.0,189.0,0.43276852,136.0,183.0,0.34653538,172.0,163.0,0.21703933,153.0,157.0,0.19568866,180.0,149.0,0.57054377,168.0,145.0,0.56502837
guy3_cobra083.jpg,120.0,159.0,0.72921395,125.0,154.0,0.7511419,117.0,153.0,0.81906617,137.0,151.0,0.7001382,117.0,151.0,0.37031573,154.0,161.0,0.6649289,115.0,159.0,0.5229869,168.0,179.0,0.5257741,118.0,176.0,0.6689676,161.0,208.0,0.85976213,110.0,199.0,0.68705577,157.0,190.0,0.52847415,137.0,185.0,0.41040656,171.0,166.0,0.166456,154.0,159.0,0.2698073,181.0,151.0,0.49243355,165.0,151.0,0.12082851
guy3_cobra083_flipped.jpg,135.0,160.0,0.5966559,139.0,154.0,0.57641876,130.0,155.0,0.7226261,139.0,152.0,0.42589116,118.0,151.0,0.7553693,142.0,157.0,0.76086336,100.0,160.0,0.6727874,139.0,178.0,0.70518816,89.0,180.0,0.8355141,147.0,200.0,0.8413846,95.0,208.0,0.89331037,120.0,187.0,0.47521615,98.0,186.0,0.36378223,100.0,159.0,0.38395366,85.0,166.0,0.58668905,87.0,146.0,0.34870908,73.0,148.0,0.6253803
guy3_cobra084.jpg,119.0,161.0,0.70976233,124.0,155.0,0.71492374,116.0,155.0,0.6470045,136.0,152.0,0.74061763,116.0,153.0,0.3342408,154.0,163.0,0.5643816,115.0,160.0,0.58955586,168.0,180.0,0.5612751,119.0,179.0,0.60070956,160.0,210.0,0.86570656,110.0,200.0,0.7920477,157.0,192.0,0.4690693,138.0,190.0,0.36378804,171.0,169.0,0.21494769,152.0,164.0,0.22016898,183.0,153.0,0.54930544,170.0,151.0,0.27213028
guy3_cobra084_flipped.jpg,136.0,161.0,0.78403753,139.0,156.0,0.6578316,131.0,156.0,0.76409227,138.0,154.0,0.4614848,118.0,152.0,0.76897573,143.0,159.0,0.80495995,100.0,163.0,0.66074574,138.0,179.0,0.64584243,88.0,181.0,0.8686005,146.0,200.0,0.6947863,95.0,210.0,0.832456,118.0,188.0,0.5081184,97.0,188.0,0.43385133,97.0,162.0,0.24422716,83.0,168.0,0.48067746,85.0,150.0,0.42728847,71.0,149.0,0.76261747
guy3_cobra085.jpg,118.0,162.0,0.733,124.0,157.0,0.7727326,115.0,156.0,0.78851503,136.0,154.0,0.8007164,116.0,154.0,0.42582145,154.0,165.0,0.6250268,114.0,161.0,0.53222406,169.0,182.0,0.6789124,118.0,179.0,0.7026619,161.0,212.0,0.847762,110.0,202.0,0.7512762,156.0,195.0,0.43745723,136.0,191.0,0.48900822,173.0,174.0,0.28921604,153.0,166.0,0.24971567,186.0,155.0,0.7233826,170.0,154.0,0.32983348
guy3_cobra085_flipped.jpg,138.0,162.0,0.7246404,140.0,156.0,0.60795605,132.0,157.0,0.64008343,139.0,154.0,0.6110122,120.0,153.0,0.7251134,143.0,159.0,0.84391433,101.0,164.0,0.6563208,139.0,179.0,0.5388888,88.0,182.0,0.88711494,147.0,202.0,0.845298,95.0,211.0,0.8487165,118.0,186.0,0.6192578,98.0,188.0,0.61693037,98.0,163.0,0.35611072,82.0,171.0,0.49781135,83.0,150.0,0.54579103,69.0,152.0,0.7808404
guy3_cobra086.jpg,117.0,163.0,0.72764987,122.0,158.0,0.6869488,114.0,157.0,0.7126742,135.0,155.0,0.7352119,116.0,155.0,0.25807598,152.0,166.0,0.49940518,115.0,164.0,0.3828679,168.0,183.0,0.55262434,117.0,182.0,0.54843795,160.0,214.0,0.7978041,109.0,204.0,0.62249076,156.0,198.0,0.57796824,137.0,193.0,0.35387668,175.0,173.0,0.23795179,154.0,169.0,0.23654926,188.0,156.0,0.6878413,169.0,157.0,0.26365203
guy3_cobra086_flipped.jpg,138.0,164.0,0.8148835,141.0,158.0,0.82219416,133.0,159.0,0.7227328,139.0,156.0,0.50546396,121.0,155.0,0.6755622,140.0,163.0,0.6565773,102.0,166.0,0.590673,138.0,182.0,0.55414677,87.0,184.0,0.938188,146.0,203.0,0.67240703,96.0,213.0,0.80376524,116.0,189.0,0.5733354,97.0,190.0,0.6063168,98.0,164.0,0.4957253,81.0,173.0,0.3741379,84.0,153.0,0.513083,66.0,155.0,0.78524256
guy3_cobra087.jpg,116.0,164.0,0.56924725,121.0,159.0,0.6446948,113.0,158.0,0.7091081,134.0,157.0,0.72253907,114.0,157.0,0.1280656,151.0,170.0,0.39050972,115.0,167.0,0.26202765,169.0,186.0,0.45956513,118.0,183.0,0.5789374,160.0,215.0,0.7013912,109.0,205.0,0.64643157,158.0,194.0,0.41216403,140.0,191.0,0.37826186,177.0,175.0,0.2635332,157.0,168.0,0.3515337,191.0,160.0,0.6972035,174.0,159.0,0.4237973
guy3_cobra087_flipped.jpg,140.0,164.0,0.84095645,142.0,158.0,0.7022401,134.0,159.0,0.6999489,140.0,156.0,0.6028873,121.0,155.0,0.8175254,141.0,163.0,0.6671673,103.0,166.0,0.58893245,138.0,182.0,0.61465335,87.0,185.0,0.93113625,147.0,204.0,0.9242789,96.0,215.0,0.88844985,116.0,190.0,0.6144347,96.0,190.0,0.62276435,96.0,165.0,0.5903964,78.0,172.0,0.66043955,81.0,154.0,0.7084131,65.0,157.0,0.9095263
guy3_cobra088.jpg,115.0,165.0,0.8445294,121.0,160.0,0.6493058,113.0,159.0,0.781731,134.0,157.0,0.9023204,116.0,157.0,0.48678204,152.0,168.0,0.6267515,114.0,166.0,0.46961343,169.0,187.0,0.72915196,118.0,184.0,0.7134354,159.0,217.0,0.93858397,109.0,207.0,0.88499945,157.0,199.0,0.7248586,137.0,197.0,0.6200768,174.0,182.0,0.61301184,157.0,180.0,0.26829872,191.0,162.0,0.78577894,173.0,162.0,0.59566104
guy3_cobra088_flipped.jpg,141.0,165.0,0.66925824,143.0,159.0,0.7635779,135.0,160.0,0.71216667,140.0,158.0,0.6095861,122.0,157.0,0.55961716,141.0,165.0,0.7543935,103.0,167.0,0.6513649,139.0,184.0,0.66601646,88.0,187.0,0.9386029,147.0,205.0,0.79897034,96.0,216.0,0.6116875,117.0,192.0,0.5624274,96.0,192.0,0.6480728,96.0,167.0,0.44673225,78.0,175.0,0.5428926,78.0,157.0,0.48266813,71.0,157.0,0.7110181
guy3_cobra089.jpg,114.0,166.0,0.66144013,119.0,160.0,0.81374526,111.0,160.0,0.85396945,132.0,158.0,0.90419066,114.0,158.0,0.4302056,151.0,170.0,0.59499365,113.0,167.0,0.43929312,169.0,187.0,0.731122,117.0,186.0,0.66490126,159.0,218.0,0.8881372,109.0,207.0,0.85705876,156.0,200.0,0.68059164,138.0,196.0,0.42571548,178.0,177.0,0.7656143,158.0,172.0,0.6061819,194.0,162.0,0.85602665,175.0,161.0,0.6245791
guy3_cobra089_flipped.jpg,142.0,166.0,0.84590924,144.0,160.0,0.82234347,136.0,161.0,0.8017187,141.0,159.0,0.56785095,123.0,157.0,0.72764355,141.0,167.0,0.7427794,104.0,169.0,0.6251339,139.0,186.0,0.6391577,88.0,188.0,0.89473045,147.0,207.0,0.81248844,97.0,218.0,0.84887016,116.0,194.0,0.6092994,96.0,195.0,0.6661271,96.0,171.0,0.3486154,77.0,178.0,0.74361944,76.0,158.0,0.54663837,62.0,160.0,0.8145086
guy3_cobra090.jpg,113.0,167.0,0.845376,119.0,161.0,0.80757177,111.0,161.0,0.752085,132.0,159.0,0.9078053,114.0,159.0,0.58451545,151.0,170.0,0.67249596,113.0,169.0,0.39624476,169.0,189.0,0.79426366,117.0,188.0,0.753223,158.0,220.0,0.8578368,109.0,208.0,0.7478343,159.0,197.0,0.68824977,140.0,195.0,0.560217,177.0,183.0,0.44319537,160.0,181.0,0.27394652,196.0,164.0,0.83181953,176.0,164.0,0.6098863
guy3_cobra090_flipped.jpg,143.0,167.0,0.8583008,145.0,162.0,0.64714295,137.0,162.0,0.67892337,141.0,160.0,0.5756513,124.0,158.0,0.81918037,143.0,168.0,0.5358994,104.0,170.0,0.4652193,138.0,186.0,0.6204666,88.0,189.0,0.93964124,147.0,208.0,0.74412346,97.0,220.0,0.8538393,117.0,196.0,0.6419594,97.0,198.0,0.68331933,96.0,171.0,0.44306618,77.0,180.0,0.7154067,81.0,163.0,0.36160773,59.0,162.0,0.84240526
guy3_cobra091.jpg,112.0,168.0,0.75437164,117.0,162.0,0.8412294,110.0,162.0,0.6482178,131.0,160.0,0.7057413,114.0,160.0,0.6426797,149.0,173.0,0.54544765,113.0,171.0,0.5492437,169.0,190.0,0.857334,117.0,188.0,0.73911375,158.0,221.0,0.91957766,108.0,209.0,0.7502085,158.0,199.0,0.6093167,139.0,197.0,0.4709674,178.0,183.0,0.54318476,159.0,180.0,0.3439458,198.0,166.0,0.89375937,177.0,166.0,0.7196105
guy3_cobra091_flipped.jpg,145.0,167.0,0.8010488,146.0,162.0,0.7800867,139.0,162.0,0.87865597,143.0,160.0,0.6649226,125.0,159.0,0.8175974,143.0,170.0,0.67266595,104.0,171.0,0.44043726,138.0,188.0,0.6006218,88.0,190.0,0.9042331,147.0,209.0,0.7833648,98.0,221.0,0.8179181,117.0,197.0,0.54817533,97.0,198.0,0.67937917,95.0,173.0,0.31449014,78.0,180.0,0.53864086,79.0,163.0,0.49635693,69.0,162.0,0.7268076
guy3_cobra092.jpg,111.0,168.0,0.8624649,116.0,163.0,0.75501955,109.0,162.0,0.5140003,130.0,161.0,0.72972375,114.0,161.0,0.6271387,149.0,175.0,0.616538,113.0,173.0,0.41427526,170.0,193.0,0.862304,117.0,189.0,0.7471591,158.0,223.0,0.8875636,108.0,211.0,0.7184475,159.0,200.0,0.68616617,141.0,198.0,0.52575815,179.0,186.0,0.45076445,161.0,181.0,0.42166632,200.0,168.0,0.83939916,178.0,168.0,0.6050061
guy3_cobra092_flipped.jpg,145.0,168.0,0.8689024,147.0,162.0,0.84293765,140.0,163.0,0.7501283,143.0,161.0,0.5873096,125.0,160.0,0.8416295,143.0,170.0,0.7597804,105.0,172.0,0.53210974,138.0,190.0,0.6609668,87.0,191.0,0.9138872,147.0,211.0,0.82944334,98.0,222.0,0.8525583,116.0,197.0,0.6662792,97.0,197.0,0.68082523,94.0,174.0,0.38006887,74.0,182.0,0.70814764,74.0,162.0,0.5197879,62.0,163.0,0.78181314
guy3_cobra093.jpg,110.0,168.0,0.80201316,115.0,163.0,0.70190716,108.0,162.0,0.6092169,129.0,161.0,0.90036225,112.0,161.0,0.6901392,149.0,174.0,0.6395643,112.0,172.0,0.5530241,169.0,193.0,0.796367,118.0,191.0,0.80438346,157.0,224.0,0.90938807,108.0,212.0,0.7823172,159.0,198.0,0.43766648,140.0,197.0,0.45883426,181.0,185.0,0.5631108,164.0,181.0,0.5103442,200.0,168.0,0.85745025,179.0,168.0,0.63125277
guy3_cobra093_flipped.jpg,147.0,169.0,0.87733555,148.0,163.0,0.7396725,141.0,164.0,0.5606785,143.0,162.0,0.6634482,127.0,162.0,0.65692735,144.0,170.0,0.7742187,105.0,173.0,0.6322478,139.0,191.0,0.5793998,88.0,193.0,0.89386916,148.0,212.0,0.8164126,99.0,223.0,0.87364566,116.0,198.0,0.64546573,97.0,198.0,0.68972176,88.0,177.0,0.47650108,72.0,183.0,0.6426151,71.0,165.0,0.4127879,61.0,165.0,0.7298434
guy3_cobra094.jpg,108.0,170.0,0.8365834,114.0,164.0,0.75765157,107.0,164.0,0.5817275,128.0,162.0,0.72640264,111.0,162.0,0.5956327,147.0,178.0,0.63907194,111.0,174.0,0.6294569,169.0,195.0,0.6703304,117.0,193.0,0.65508556,156.0,224.0,0.8791324,107.0,213.0,0.863379,158.0,201.0,0.4937777,140.0,200.0,0.5113903,184.0,184.0,0.67212886,163.0,182.0,0.4428604,202.0,171.0,0.8475347,179.0,170.0,0.40860566
guy3_cobra094_flipped.jpg,147.0,169.0,0.8743895,149.0,164.0,0.6974987,142.0,164.0,0.83569366,144.0,163.0,0.5564405,128.0,162.0,0.8512163,145.0,172.0,0.74705875,107.0,173.0,0.68313885,138.0,191.0,0.64257574,88.0,194.0,0.86175334,148.0,213.0,0.72402674,100.0,224.0,0.7606612,115.0,201.0,0.66531074,96.0,201.0,0.7375221,86.0,178.0,0.4866995,72.0,184.0,0.77560365,70.0,165.0,0.5290439,54.0,168.0,0.82425416
guy3_cobra095.jpg,108.0,170.0,0.82418555,113.0,164.0,0.8533021,106.0,164.0,0.69748396,127.0,162.0,0.56691396,110.0,163.0,0.74216294,148.0,178.0,0.5423205,112.0,176.0,0.72868836,168.0,196.0,0.6786064,118.0,193.0,0.81762105,156.0,225.0,0.8646406,108.0,213.0,0.9130966,157.0,205.0,0.5302286,138.0,204.0,0.61068696,184.0,187.0,0.73349524,165.0,186.0,0.36461237,204.0,173.0,0.86970085,181.0,172.0,0.36314496
guy3_cobra095_flipped.jpg,149.0,170.0,0.88927436,151.0,165.0,0.6077298,143.0,165.0,0.71029145,145.0,164.0,0.6738643,129.0,163.0,0.7619465,145.0,174.0,0.8099092,107.0,174.0,0.6959329,139.0,193.0,0.5975798,88.0,195.0,0.8929474,148.0,213.0,0.8993068,101.0,226.0,0.8094473,115.0,203.0,0.69661164,97.0,204.0,0.6584433,86.0,181.0,0.6621067,71.0,186.0,0.8249259,68.0,167.0,0.5773592,52.0,170.0,0.8135696
guy3_cobra096.jpg,106.0,171.0,0.71118987,112.0,165.0,0.8590603,105.0,165.0,0.7280581,125.0,163.0,0.9263507,109.0,164.0,0.63703436,147.0,180.0,0.60424614,111.0,178.0,0.77498615,167.0,197.0,0.8025651,117.0,195.0,0.690865,155.0,227.0,0.8378011,107.0,215.0,0.8620416,156.0,206.0,0.66559315,138.0,204.0,0.48838517,184.0,189.0,0.7108911,166.0,190.0,0.4226076,206.0,174.0,0.7826909,181.0,173.0,0.3734736
guy3_cobra096_flipped.jpg,150.0,170.0,0.87411773,151.0,165.0,0.48820275,144.0,165.0,0.74651736,145.0,163.0,0.681946,130.0,163.0,0.8952712,145.0,175.0,0.6716304,108.0,175.0,0.5705353,139.0,193.0,0.67691123,89.0,196.0,0.8835392,149.0,215.0,0.7251296,102.0,227.0,0.9249063,115.0,203.0,0.6919797,97.0,203.0,0.6475042,88.0,180.0,0.41470766,72.0,186.0,0.6965374,63.0,168.0,0.5080578,58.0,169.0,0.6578821
guy3_cobra097.jpg,105.0,171.0,0.72417665,110.0,165.0,0.9021769,103.0,165.0,0.7900283,125.0,163.0,0.9109123,109.0,164.0,0.5895617,146.0,179.0,0.7067746,110.0,177.0,0.619941,167.0,198.0,0.7494304,118.0,194.0,0.7946711,154.0,228.0,0.84275705,106.0,215.0,0.83660793,158.0,204.0,0.5934061,140.0,204.0,0.5784132,186.0,188.0,0.8015809,170.0,188.0,0.48090184,207.0,175.0,0.8872333,187.0,172.0,0.5165451
guy3_cobra097_flipped.jpg,151.0,171.0,0.8557461,152.0,164.0,0.8081317,145.0,165.0,0.8444487,147.0,164.0,0.74757636,131.0,164.0,0.88929564,146.0,175.0,0.494873,110.0,176.0,0.71810806,140.0,193.0,0.68010485,90.0,198.0,0.7494071,148.0,215.0,0.9025222,102.0,227.0,0.8722383,114.0,203.0,0.6889918,95.0,204.0,0.7814713,85.0,184.0,0.52799785,68.0,189.0,0.790552,70.0,171.0,0.56399167,47.0,174.0,0.86439496
guy3_cobra098.jpg,104.0,172.0,0.77571094,110.0,166.0,0.7235335,103.0,165.0,0.67416203,124.0,164.0,0.8890804,109.0,165.0,0.5385489,147.0,179.0,0.75117415,110.0,180.0,0.81577116,167.0,199.0,0.76647747,118.0,196.0,0.74826217,153.0,228.0,0.94989824,107.0,216.0,0.89457387,159.0,203.0,0.5309013,140.0,204.0,0.51064,187.0,190.0,0.6458032,171.0,188.0,0.53414464,208.0,178.0,0.74565053,187.0,174.0,0.38548863
guy3_cobra098_flipped.jpg,152.0,171.0,0.848373,153.0,165.0,0.8039832,146.0,166.0,0.87600553,147.0,165.0,0.65773165,132.0,165.0,0.78628385,146.0,177.0,0.7827971,109.0,178.0,0.7419504,139.0,194.0,0.6907062,89.0,200.0,0.89004457,148.0,216.0,0.73837095,103.0,228.0,0.9303626,111.0,203.0,0.6812437,94.0,204.0,0.75803787,84.0,187.0,0.49748766,67.0,191.0,0.86242855,63.0,171.0,0.71484554,45.0,177.0,0.8358832
guy3_cobra099.jpg,103.0,172.0,0.75291854,109.0,166.0,0.6924938,102.0,166.0,0.6591936,124.0,165.0,0.89453673,108.0,165.0,0.60915565,145.0,181.0,0.6596434,109.0,181.0,0.8658955,167.0,200.0,0.7577147,118.0,199.0,0.84144497,152.0,230.0,0.9241643,106.0,217.0,0.6735977,159.0,205.0,0.61289036,140.0,205.0,0.5120713,186.0,192.0,0.7893726,170.0,192.0,0.47240022,209.0,179.0,0.89085215,188.0,175.0,0.45477065
guy3_cobra099_flipped.jpg,153.0,171.0,0.73135346,154.0,166.0,0.6792465,147.0,166.0,0.66391987,149.0,165.0,0.7109374,133.0,165.0,0.898529,147.0,178.0,0.7214118,109.0,178.0,0.6820401,138.0,195.0,0.72169924,90.0,200.0,0.92378396,149.0,216.0,0.88204914,103.0,229.0,0.86397535,113.0,205.0,0.7053532,95.0,204.0,0.7789001,85.0,186.0,0.598483,67.0,191.0,0.7924263,66.0,172.0,0.62306046,45.0,177.0,0.8760735
guy3_cobra100.jpg,101.0,172.0,0.7286762,107.0,166.0,0.65508616,100.0,166.0,0.734645,121.0,166.0,0.837168,106.0,165.0,0.75689495,144.0,180.0,0.76522267,108.0,180.0,0.7852082,165.0,202.0,0.60465467,117.0,199.0,0.6792077,152.0,230.0,0.9381145,104.0,218.0,0.648667,163.0,202.0,0.7684356,144.0,202.0,0.4306675,191.0,191.0,0.7591913,173.0,187.0,0.60856605,210.0,179.0,0.7580458,190.0,175.0,0.56833315
guy3_cobra100_flipped.jpg,155.0,171.0,0.8204027,156.0,165.0,0.8138825,149.0,166.0,0.8444876,151.0,165.0,0.72173494,135.0,165.0,0.9156823,150.0,177.0,0.66686314,110.0,178.0,0.7315548,139.0,195.0,0.7040012,91.0,201.0,0.7660736,150.0,215.0,0.9055765,105.0,229.0,0.8990368,112.0,204.0,0.7117046,94.0,205.0,0.77055085,85.0,187.0,0.7211602,68.0,194.0,0.7593347,65.0,174.0,0.57084537,45.0,178.0,0.9319745
guy3_cobra101.jpg,100.0,172.0,0.72958094,106.0,166.0,0.75793636,99.0,166.0,0.8212242,121.0,165.0,0.6807992,105.0,165.0,0.6721365,144.0,181.0,0.73647785,108.0,180.0,0.7475014,166.0,201.0,0.7312778,117.0,200.0,0.78647506,150.0,230.0,0.8493971,105.0,217.0,0.84400237,161.0,205.0,0.6607156,142.0,204.0,0.46859244,188.0,194.0,0.7907658,173.0,191.0,0.6298014,211.0,180.0,0.7997947,192.0,177.0,0.46802852
guy3_cobra101_flipped.jpg,156.0,172.0,0.7927924,157.0,166.0,0.56407386,150.0,166.0,0.74533814,151.0,166.0,0.5058722,136.0,165.0,0.8686096,149.0,178.0,0.65481734,112.0,178.0,0.6708242,141.0,197.0,0.7354341,91.0,202.0,0.86568534,151.0,217.0,0.7589394,106.0,231.0,0.91566676,110.0,205.0,0.72143435,94.0,206.0,0.72974336,82.0,186.0,0.80309504,67.0,195.0,0.9013035,58.0,174.0,0.66404784,43.0,179.0,0.87854004
guy3_cobra102.jpg,99.0,172.0,0.86866003,104.0,165.0,0.9177728,98.0,166.0,0.81301963,120.0,165.0,0.8652861,105.0,165.0,0.6652647,143.0,181.0,0.7800327,106.0,180.0,0.80669624,164.0,201.0,0.54668915,117.0,200.0,0.77365255,150.0,231.0,0.91486466,104.0,218.0,0.7692158,160.0,205.0,0.6851109,142.0,205.0,0.55035603,190.0,193.0,0.83610374,173.0,191.0,0.6138086,210.0,182.0,0.73885757,189.0,178.0,0.38497546
guy3_cobra102_flipped.jpg,158.0,172.0,0.791781,158.0,166.0,0.7137797,152.0,167.0,0.7237481,150.0,166.0,0.71536523,137.0,166.0,0.9129349,149.0,179.0,0.7942998,112.0,179.0,0.6591746,139.0,196.0,0.7105377,91.0,202.0,0.88688487,150.0,217.0,0.81089365,107.0,231.0,0.92838895,111.0,205.0,0.68185693,95.0,205.0,0.7771598,83.0,188.0,0.73544896,67.0,196.0,0.88639945,56.0,176.0,0.6971768,41.0,182.0,0.91391915
guy3_cobra103.jpg,97.0,172.0,0.8338084,103.0,166.0,0.8524987,96.0,166.0,0.70271146,118.0,166.0,0.80465853,104.0,166.0,0.64235616,142.0,182.0,0.74014837,106.0,183.0,0.76887333,162.0,203.0,0.4866927,116.0,201.0,0.63566583,148.0,231.0,0.9265271,104.0,218.0,0.87388873,160.0,205.0,0.6880827,142.0,205.0,0.51168513,189.0,194.0,0.68132925,172.0,194.0,0.4461919,211.0,182.0,0.603175,190.0,179.0,0.35807317
guy3_cobra103_flipped.jpg,158.0,172.0,0.77592933,160.0,166.0,0.7378958,153.0,167.0,0.8163487,154.0,166.0,0.6763338,138.0,166.0,0.9189804,150.0,180.0,0.68457246,113.0,179.0,0.70312405,140.0,199.0,0.7457161,92.0,203.0,0.64798206,151.0,218.0,0.8934199,107.0,232.0,0.9305334,110.0,206.0,0.6859808,94.0,206.0,0.76100135,84.0,191.0,0.6523775,66.0,197.0,0.79951406,54.0,177.0,0.60990334,41.0,183.0,0.8768896
guy3_cobra104.jpg,96.0,172.0,0.8396246,101.0,166.0,0.7218739,95.0,167.0,0.60041994,117.0,166.0,0.7768035,103.0,166.0,0.5711193,142.0,181.0,0.73678684,107.0,183.0,0.77750957,163.0,204.0,0.38195407,116.0,202.0,0.77930427,147.0,232.0,0.9244696,104.0,219.0,0.7342064,162.0,205.0,0.614298,143.0,205.0,0.44714367,191.0,194.0,0.6712519,175.0,191.0,0.5788896,214.0,184.0,0.5888988,200.0,178.0,0.53196657
guy3_cobra104_flipped.jpg,160.0,173.0,0.6247385,161.0,167.0,0.8604094,154.0,167.0,0.84745246,154.0,167.0,0.6408226,139.0,168.0,0.7578025,151.0,180.0,0.8031852,113.0,180.0,0.6225374,140.0,197.0,0.71568227,92.0,202.0,0.8954638,151.0,217.0,0.7905629,108.0,232.0,0.88423425,109.0,204.0,0.66487753,94.0,205.0,0.7606801,83.0,190.0,0.70968777,65.0,197.0,0.9156995,61.0,178.0,0.4776275,40.0,184.0,0.8445911
guy3_cobra105.jpg,95.0,174.0,0.86418545,100.0,167.0,0.74614954,94.0,168.0,0.6712814,115.0,167.0,0.9357921,102.0,167.0,0.7295058,139.0,182.0,0.75202805,106.0,185.0,0.86699796,162.0,205.0,0.5919908,115.0,205.0,0.8146599,146.0,232.0,0.93620926,104.0,219.0,0.79763126,164.0,202.0,0.75199753,149.0,202.0,0.44740298,192.0,194.0,0.49646243,176.0,191.0,0.72428477,217.0,184.0,0.75069106,200.0,179.0,0.31881732
guy3_cobra105_flipped.jpg,161.0,174.0,0.8845082,161.0,168.0,0.7243637,156.0,168.0,0.81264544,154.0,167.0,0.62613153,141.0,167.0,0.8479064,150.0,184.0,0.81937635,115.0,179.0,0.65185297,140.0,201.0,0.6902133,93.0,204.0,0.6753417,152.0,218.0,0.9122013,110.0,233.0,0.8193297,110.0,206.0,0.7019258,95.0,206.0,0.7266374,83.0,192.0,0.67083216,66.0,196.0,0.7026497,53.0,179.0,0.4902474,41.0,184.0,0.7339015
guy3_cobra106.jpg,93.0,174.0,0.828027,99.0,168.0,0.8424601,92.0,168.0,0.79142743,114.0,168.0,0.88225144,100.0,168.0,0.72731125,138.0,183.0,0.6766824,104.0,185.0,0.8239515,160.0,205.0,0.632226,112.0,201.0,0.63803965,145.0,233.0,0.77414465,104.0,219.0,0.81111366,164.0,205.0,0.70128834,148.0,204.0,0.50929415,194.0,196.0,0.61935693,177.0,192.0,0.6130132,218.0,185.0,0.75181335,194.0,181.0,0.3424032
guy3_cobra106_flipped.jpg,162.0,174.0,0.8298434,164.0,169.0,0.59212047,157.0,168.0,0.821202,156.0,168.0,0.69865644,142.0,168.0,0.9046096,152.0,184.0,0.83392787,115.0,181.0,0.65061635,142.0,198.0,0.67370653,94.0,203.0,0.77892,151.0,218.0,0.84515667,110.0,232.0,0.898438,108.0,204.0,0.6740782,95.0,206.0,0.82381904,81.0,191.0,0.80784196,63.0,197.0,0.82776254,63.0,182.0,0.4586169,38.0,186.0,0.84584546
guy3_cobra107.jpg,92.0,175.0,0.80541706,98.0,168.0,0.8466259,91.0,168.0,0.788562,112.0,168.0,0.9130656,98.0,168.0,0.7382903,137.0,183.0,0.6996145,104.0,186.0,0.7806725,160.0,204.0,0.6855508,113.0,205.0,0.5950267,144.0,232.0,0.9328246,102.0,220.0,0.74885094,164.0,206.0,0.66680753,149.0,204.0,0.5371971,193.0,197.0,0.5459352,177.0,194.0,0.6889639,218.0,185.0,0.4526742,195.0,181.0,0.28461158
guy3_cobra107_flipped.jpg,164.0,175.0,0.6920068,164.0,169.0,0.8078245,158.0,170.0,0.87967503,157.0,169.0,0.73815423,144.0,169.0,0.7981084,153.0,184.0,0.6917522,117.0,181.0,0.68333757,141.0,199.0,0.67933166,94.0,204.0,0.84843946,152.0,218.0,0.79761827,110.0,233.0,0.88565964,111.0,208.0,0.7222209,97.0,209.0,0.7765744,83.0,194.0,0.62097335,65.0,199.0,0.72575116,52.0,182.0,0.46567947,38.0,187.0,0.890981
guy3_cobra108.jpg,91.0,176.0,0.7468927,96.0,169.0,0.9036502,90.0,170.0,0.8389994,111.0,169.0,0.9169991,97.0,169.0,0.6907334,135.0,183.0,0.6556584,103.0,188.0,0.7352781,159.0,204.0,0.5915073,113.0,205.0,0.71141255,143.0,232.0,0.897467,102.0,219.0,0.834399,162.0,207.0,0.71394867,149.0,206.0,0.49914587,190.0,198.0,0.445968,179.0,195.0,0.70075756,221.0,187.0,0.76208234,196.0,184.0,0.33315516
guy3_cobra108_flipped.jpg,165.0,176.0,0.6919716,166.0,170.0,0.6468965,159.0,170.0,0.5389227,159.0,170.0,0.5145193,145.0,169.0,0.74005085,154.0,186.0,0.7865668,118.0,182.0,0.59360087,142.0,200.0,0.5960058,95.0,204.0,0.886875,151.0,219.0,0.88976294,112.0,234.0,0.802117,108.0,207.0,0.661178,95.0,207.0,0.7622652,81.0,195.0,0.6619799,64.0,200.0,0.7837647,63.0,183.0,0.397951,38.0,188.0,0.854725
guy3_cobra109.jpg,89.0,177.0,0.75344205,94.0,171.0,0.6768067,89.0,171.0,0.74454904,110.0,170.0,0.9179289,96.0,170.0,0.74647,135.0,184.0,0.59872,102.0,188.0,0.7866814,158.0,205.0,0.4542973,111.0,202.0,0.6971412,143.0,233.0,0.901159,105.0,218.0,0.7635947,161.0,207.0,0.6721543,149.0,207.0,0.5233878,189.0,200.0,0.5991217,179.0,197.0,0.6006017,221.0,188.0,0.7009895,204.0,185.0,0.2746624
guy3_cobra109_flipped.jpg,166.0,176.0,0.7668344,167.0,171.0,0.78949827,161.0,171.0,0.89065033,159.0,170.0,0.69334245,146.0,170.0,0.877092,155.0,185.0,0.74564207,119.0,182.0,0.6431774,142.0,199.0,0.6438725,96.0,204.0,0.64578325,151.0,218.0,0.80626506,112.0,233.0,0.8007871,109.0,206.0,0.70630664,97.0,208.0,0.7912383,83.0,196.0,0.5787481,64.0,200.0,0.8056191,62.0,183.0,0.41713473,36.0,188.0,0.78812313
guy3_cobra110.jpg,88.0,177.0,0.70391124,93.0,171.0,0.90782624,87.0,171.0,0.79795575,107.0,171.0,0.8441776,96.0,170.0,0.634217,134.0,184.0,0.56342494,104.0,185.0,0.48583895,159.0,204.0,0.5822358,112.0,202.0,0.5828584,143.0,232.0,0.9235703,104.0,218.0,0.62920475,163.0,208.0,0.6460767,151.0,207.0,0.55007994,191.0,198.0,0.40876886,181.0,196.0,0.46392125,223.0,189.0,0.85505784,211.0,185.0,0.27792507
guy3_cobra110_flipped.jpg,169.0,177.0,0.8839577,169.0,171.0,0.8360717,163.0,172.0,0.7681693,161.0,171.0,0.66015536,147.0,171.0,0.68801713,155.0,184.0,0.75453424,121.0,183.0,0.7464567,143.0,198.0,0.6413821,97.0,203.0,0.8388362,152.0,217.0,0.82231057,113.0,233.0,0.9208734,109.0,206.0,0.55537736,96.0,207.0,0.82011425,86.0,196.0,0.47424924,62.0,199.0,0.8151915,61.0,184.0,0.35928458,36.0,188.0,0.80741084
guy3_cobra111.jpg,86.0,178.0,0.772397,91.0,172.0,0.6440693,86.0,172.0,0.5808878,106.0,172.0,0.7866045,95.0,171.0,0.733769,131.0,185.0,0.5450524,101.0,187.0,0.6242124,158.0,205.0,0.41301778,111.0,202.0,0.55575544,142.0,232.0,0.87127703,105.0,216.0,0.7253975,162.0,209.0,0.6698658,151.0,207.0,0.56612206,190.0,199.0,0.5408519,182.0,196.0,0.6542855,224.0,190.0,0.8014784,207.0,186.0,0.23691814
guy3_cobra111_flipped.jpg,170.0,178.0,0.8459706,170.0,172.0,0.85666573,164.0,172.0,0.7273309,160.0,172.0,0.68895787,149.0,172.0,0.7137929,156.0,186.0,0.7858204,122.0,184.0,0.69866693,144.0,198.0,0.5907682,97.0,203.0,0.7108849,151.0,219.0,0.8552933,114.0,232.0,0.7813607,108.0,209.0,0.65534616,96.0,210.0,0.785604,77.0,194.0,0.74087197,64.0,202.0,0.75570136,57.0,185.0,0.45567963,37.0,190.0,0.82643986
guy3_cobra112.jpg,85.0,178.0,0.5970241,89.0,172.0,0.88069993,85.0,173.0,0.7271713,104.0,172.0,0.73453397,94.0,171.0,0.60992956,130.0,185.0,0.72650456,100.0,189.0,0.7095989,157.0,205.0,0.5753207,110.0,203.0,0.5350527,142.0,231.0,0.9389314,105.0,216.0,0.75971353,161.0,207.0,0.59317505,152.0,205.0,0.5887283,190.0,201.0,0.49425724,181.0,196.0,0.51447713,224.0,190.0,0.8185271,213.0,186.0,0.28715563
guy3_cobra112_flipped.jpg,171.0,179.0,0.8257319,172.0,173.0,0.6745888,165.0,174.0,0.65433013,163.0,173.0,0.5424167,151.0,173.0,0.8393117,156.0,186.0,0.7638922,126.0,186.0,0.6332786,145.0,199.0,0.62975794,98.0,203.0,0.8354962,151.0,216.0,0.83013725,114.0,232.0,0.92412335,110.0,207.0,0.5418128,98.0,209.0,0.86564505,77.0,194.0,0.6756699,63.0,202.0,0.8358531,61.0,185.0,0.4389714,35.0,189.0,0.79135925
guy3_cobra113.jpg,84.0,180.0,0.80679715,88.0,174.0,0.71408796,84.0,174.0,0.67200506,103.0,173.0,0.9184101,95.0,173.0,0.6560442,127.0,186.0,0.59310365,102.0,189.0,0.67592955,156.0,205.0,0.49574733,111.0,206.0,0.5053694,141.0,231.0,0.8814372,105.0,217.0,0.6688963,162.0,208.0,0.64333946,153.0,207.0,0.5757221,189.0,200.0,0.4889182,183.0,195.0,0.6750833,224.0,191.0,0.8452594,214.0,189.0,0.24468794
guy3_cobra113_flipped.jpg,172.0,180.0,0.8050357,172.0,174.0,0.8820462,167.0,175.0,0.8071994,162.0,174.0,0.5918299,151.0,174.0,0.81199586,156.0,186.0,0.8434987,127.0,187.0,0.66015214,146.0,200.0,0.6297196,98.0,205.0,0.7758255,150.0,217.0,0.8300232,115.0,232.0,0.8226956,109.0,206.0,0.52339745,97.0,208.0,0.8273421,75.0,194.0,0.63520896,61.0,200.0,0.8147922,57.0,188.0,0.40744132,32.0,190.0,0.8446802
guy3_cobra114.jpg,82.0,181.0,0.8186707,87.0,175.0,0.69031847,82.0,175.0,0.62772965,102.0,174.0,0.9101382,94.0,174.0,0.71213603,125.0,187.0,0.6304796,103.0,188.0,0.46599752,154.0,204.0,0.4711377,113.0,206.0,0.52896345,141.0,230.0,0.8537022,105.0,217.0,0.85475904,162.0,207.0,0.6523254,156.0,206.0,0.62547505,192.0,199.0,0.5371611,184.0,195.0,0.66241175,226.0,191.0,0.80410385,218.0,188.0,0.38519016
guy3_cobra114_flipped.jpg,174.0,181.0,0.85097146,174.0,175.0,0.716679,168.0,175.0,0.8510713,165.0,174.0,0.76605904,153.0,174.0,0.90931475,157.0,186.0,0.80923223,130.0,188.0,0.75128216,146.0,200.0,0.56352586,98.0,203.0,0.62170947,150.0,216.0,0.8404783,115.0,230.0,0.80376154,108.0,208.0,0.59258384,97.0,210.0,0.82557094,73.0,193.0,0.71592283,60.0,201.0,0.8213433,55.0,187.0,0.3503395,30.0,191.0,0.8716874
guy3_cobra115.jpg,81.0,181.0,0.79447687,86.0,176.0,0.89881366,82.0,176.0,0.8865851,100.0,175.0,0.71188545,94.0,175.0,0.5920064,125.0,187.0,0.7029245,101.0,188.0,0.5393264,154.0,203.0,0.46809492,111.0,202.0,0.47502708,140.0,230.0,0.8509317,106.0,217.0,0.892438,164.0,207.0,0.6440899,158.0,205.0,0.64190257,193.0,201.0,0.6088409,184.0,198.0,0.35726616,226.0,192.0,0.82917583,219.0,188.0,0.4348258
guy3_cobra115_flipped.jpg,175.0,182.0,0.76641583,175.0,176.0,0.7691276,171.0,176.0,0.814214,163.0,175.0,0.78328085,155.0,175.0,0.90814054,156.0,187.0,0.7535576,130.0,187.0,0.7966138,146.0,198.0,0.5172114,100.0,203.0,0.6023773,151.0,215.0,0.86557764,116.0,230.0,0.8730638,109.0,208.0,0.6607785,98.0,210.0,0.8190513,75.0,196.0,0.58823705,61.0,203.0,0.8439947,58.0,189.0,0.22888947,31.0,192.0,0.83469725
guy3_cobra116.jpg,80.0,182.0,0.6785014,84.0,177.0,0.82512504,81.0,177.0,0.8559291,99.0,176.0,0.87917256,93.0,176.0,0.6676743,122.0,187.0,0.6706456,100.0,189.0,0.49129426,154.0,202.0,0.53338057,112.0,202.0,0.3541286,139.0,229.0,0.8970109,105.0,216.0,0.80846477,163.0,207.0,0.64561486,158.0,206.0,0.60211664,194.0,200.0,0.5258155,186.0,196.0,0.57538795,227.0,192.0,0.8099149,221.0,189.0,0.4410884
guy3_cobra116_flipped.jpg,176.0,182.0,0.8368296,175.0,176.0,0.792596,171.0,177.0,0.79286176,165.0,176.0,0.7922156,156.0,176.0,0.88332546,158.0,187.0,0.8059773,131.0,188.0,0.61888975,147.0,197.0,0.45475614,99.0,201.0,0.6040267,149.0,215.0,0.8651879,115.0,229.0,0.7279881,109.0,205.0,0.65468884,98.0,209.0,0.82321787,74.0,193.0,0.72225475,60.0,202.0,0.81215554,57.0,187.0,0.37753674,29.0,191.0,0.8914227
guy3_cobra117.jpg,78.0,183.0,0.8263855,83.0,177.0,0.68314743,80.0,177.0,0.7699206,98.0,176.0,0.92102176,93.0,176.0,0.731074,122.0,186.0,0.6089808,100.0,191.0,0.5760797,151.0,202.0,0.44689494,108.0,205.0,0.38030303,139.0,229.0,0.7059803,104.0,217.0,0.7827043,162.0,206.0,0.7038609,158.0,206.0,0.5762876,193.0,200.0,0.53726596,185.0,198.0,0.4682723,229.0,192.0,0.8517036,221.0,188.0,0.49855134
guy3_cobra117_flipped.jpg,177.0,183.0,0.5900873,176.0,178.0,0.8614485,172.0,178.0,0.80627036,165.0,177.0,0.68351454,157.0,177.0,0.8077102,158.0,187.0,0.76539326,133.0,189.0,0.71861786,147.0,197.0,0.41349033,100.0,202.0,0.64749897,150.0,215.0,0.8381889,116.0,228.0,0.7924608,108.0,205.0,0.5654794,98.0,207.0,0.816125,70.0,194.0,0.7521405,60.0,203.0,0.7995718,53.0,187.0,0.410285,28.0,191.0,0.88550675
guy3_cobra118.jpg,77.0,184.0,0.61218417,81.0,178.0,0.84971637,78.0,179.0,0.8818866,96.0,177.0,0.77303886,91.0,177.0,0.6085111,121.0,188.0,0.6601655,102.0,189.0,0.5758456,152.0,202.0,0.51986957,116.0,204.0,0.2882719,138.0,228.0,0.82541233,105.0,216.0,0.7787998,161.0,206.0,0.6341732,157.0,203.0,0.62578547,194.0,201.0,0.44981098,186.0,195.0,0.6750889,230.0,192.0,0.8819188,219.0,188.0,0.42585537
guy3_cobra118_flipped.jpg,178.0,184.0,0.7654825,177.0,178.0,0.80281353,173.0,178.0,0.7992509,165.0,177.0,0.7661065,157.0,177.0,0.9118796,156.0,188.0,0.74936736,135.0,189.0,0.649696,145.0,197.0,0.31042358,100.0,201.0,0.5391873,150.0,215.0,0.73527765,116.0,227.0,0.8062557,104.0,203.0,0.72488415,96.0,207.0,0.7939291,69.0,193.0,0.74741375,57.0,202.0,0.79799026,53.0,187.0,0.2121599,25.0,191.0,0.87431705
guy3_cobra119.jpg,77.0,185.0,0.6396398,81.0,179.0,0.72468257,78.0,180.0,0.7504987,96.0,178.0,0.8819783,90.0,179.0,0.69060737,119.0,189.0,0.6384058,102.0,190.0,0.51629394,151.0,201.0,0.44504085,118.0,206.0,0.43040666,138.0,227.0,0.77433264,106.0,216.0,0.7057668,161.0,206.0,0.62120724,158.0,203.0,0.6228874,196.0,201.0,0.49961904,187.0,198.0,0.4895815,231.0,193.0,0.80312407,224.0,190.0,0.41319448
guy3_cobra119_flipped.jpg,179.0,185.0,0.81277823,178.0,179.0,0.7110583,174.0,180.0,0.64853776,165.0,178.0,0.7482839,159.0,179.0,0.8773554,157.0,187.0,0.73965466,135.0,190.0,0.6752105,146.0,196.0,0.28243962,101.0,201.0,0.58078253,150.0,215.0,0.78301036,116.0,227.0,0.67492366,103.0,202.0,0.58802724,95.0,205.0,0.7485433,69.0,194.0,0.6823398,58.0,202.0,0.74173456,39.0,187.0,0.38817048,26.0,191.0,0.82588404
guy3_cobra120.jpg,76.0,185.0,0.7806606,79.0,179.0,0.85992205,77.0,180.0,0.8620944,94.0,178.0,0.76871926,89.0,178.0,0.5093675,118.0,188.0,0.67129064,101.0,189.0,0.7107547,150.0,200.0,0.4767712,118.0,205.0,0.26777673,137.0,225.0,0.89183563,105.0,215.0,0.55581933,161.0,205.0,0.6901108,157.0,203.0,0.54169786,194.0,199.0,0.4524855,189.0,196.0,0.6521385,230.0,191.0,0.8169325,225.0,189.0,0.54841673
guy3_cobra120_flipped.jpg,180.0,186.0,0.8391069,179.0,180.0,0.7143363,175.0,180.0,0.74981356,167.0,178.0,0.6837089,159.0,179.0,0.8836171,157.0,187.0,0.6312902,138.0,189.0,0.6610844,142.0,196.0,0.2552832,102.0,199.0,0.58188117,151.0,215.0,0.6198962,117.0,225.0,0.7614781,103.0,201.0,0.60219014,95.0,204.0,0.74235934,68.0,193.0,0.72468185,57.0,200.0,0.748255,50.0,187.0,0.27918434,24.0,191.0,0.8271322
guy3_cobra121.jpg,75.0,186.0,0.5914414,79.0,180.0,0.75212014,76.0,180.0,0.78052604,93.0,178.0,0.8425705,87.0,179.0,0.6131699,117.0,188.0,0.6622524,100.0,188.0,0.4922403,147.0,200.0,0.36483026,119.0,204.0,0.37364292,136.0,225.0,0.69036216,105.0,215.0,0.70855427,160.0,205.0,0.6077077,157.0,201.0,0.49129912,195.0,200.0,0.34715006,192.0,195.0,0.6754286,232.0,193.0,0.80401325,227.0,190.0,0.62576836
guy3_cobra121_flipped.jpg,181.0,186.0,0.7425089,180.0,180.0,0.80208516,176.0,180.0,0.7585257,168.0,179.0,0.69860756,161.0,179.0,0.70717597,158.0,187.0,0.71829236,138.0,189.0,0.5379856,147.0,197.0,0.4119659,103.0,199.0,0.49464443,152.0,213.0,0.6925382,118.0,226.0,0.6034624,104.0,202.0,0.6864054,96.0,204.0,0.7112243,69.0,197.0,0.54743135,59.0,199.0,0.6800298,44.0,190.0,0.21134162,24.0,191.0,0.85017073
guy3_cobra122.jpg,74.0,186.0,0.636901,78.0,181.0,0.87727684,75.0,181.0,0.77100956,93.0,179.0,0.8260462,88.0,178.0,0.43813577,115.0,187.0,0.6972718,100.0,185.0,0.6564919,148.0,199.0,0.41805947,119.0,202.0,0.226701,137.0,223.0,0.8390334,105.0,213.0,0.6967031,161.0,204.0,0.6359813,160.0,200.0,0.63545716,196.0,200.0,0.57549477,192.0,196.0,0.51184565,234.0,193.0,0.7569145,229.0,189.0,0.64434564
guy3_cobra122_flipped.jpg,181.0,186.0,0.8312463,181.0,181.0,0.6010449,177.0,181.0,0.53426456,169.0,179.0,0.717303,162.0,178.0,0.65520924,157.0,185.0,0.5967529,140.0,188.0,0.74217343,141.0,195.0,0.23930591,103.0,197.0,0.59431064,152.0,213.0,0.5727459,117.0,222.0,0.64570415,104.0,201.0,0.7018339,97.0,203.0,0.755785,68.0,195.0,0.59388787,58.0,198.0,0.5869701,52.0,189.0,0.16502647,22.0,190.0,0.74829996
guy3_cobra123.jpg,74.0,185.0,0.55341005,77.0,180.0,0.71138906,74.0,180.0,0.83719766,91.0,178.0,0.7292,86.0,177.0,0.6348004,112.0,186.0,0.74909276,99.0,185.0,0.7536713,150.0,198.0,0.481332,116.0,201.0,0.2775902,136.0,222.0,0.72315204,105.0,212.0,0.5197464,161.0,202.0,0.68551636,160.0,197.0,0.5894828,195.0,199.0,0.5859642,190.0,193.0,0.4697536,234.0,192.0,0.72486335,228.0,188.0,0.6032864
guy3_cobra123_flipped.jpg,182.0,186.0,0.64415693,181.0,180.0,0.8702303,178.0,180.0,0.78947157,169.0,178.0,0.69240546,163.0,178.0,0.84188867,158.0,184.0,0.67355657,143.0,186.0,0.7816507,141.0,193.0,0.20361495,103.0,195.0,0.5845973,152.0,211.0,0.58813035,118.0,220.0,0.7357904,103.0,199.0,0.69077384,96.0,201.0,0.75186604,67.0,193.0,0.7163784,54.0,196.0,0.5330312,52.0,186.0,0.26698676,21.0,189.0,0.814759
guy3_cobra124_flipped.jpg,183.0,185.0,0.7654314,183.0,180.0,0.5860896,179.0,179.0,0.62604487,170.0,177.0,0.6313771,164.0,177.0,0.8428121,159.0,182.0,0.6737654,143.0,187.0,0.5659561,147.0,193.0,0.30225936,105.0,193.0,0.44012955,154.0,208.0,0.6688888,120.0,218.0,0.68925697,101.0,195.0,0.7398122,96.0,199.0,0.7891171,64.0,191.0,0.7261081,57.0,196.0,0.54660773,40.0,185.0,0.260012,22.0,188.0,0.7853867
guy3_cobra125_flipped.jpg,185.0,184.0,0.5371969,184.0,179.0,0.6821772,181.0,179.0,0.7989789,171.0,176.0,0.5189613,165.0,176.0,0.7913058,159.0,180.0,0.6439342,145.0,185.0,0.6754478,148.0,190.0,0.29734048,107.0,191.0,0.39506534,154.0,206.0,0.69613004,120.0,215.0,0.45066354,101.0,193.0,0.7409767,96.0,196.0,0.7801073,65.0,190.0,0.6370845,57.0,193.0,0.6436789,26.0,183.0,0.52061486,20.0,186.0,0.76770705
guy3_cobra126.jpg,71.0,183.0,0.7373358,73.0,177.0,0.67713535,71.0,177.0,0.8071943,87.0,175.0,0.902927,82.0,174.0,0.7065797,106.0,181.0,0.7535261,95.0,179.0,0.6424718,147.0,191.0,0.48149243,117.0,181.0,0.17652942,133.0,213.0,0.6721087,101.0,204.0,0.50489736,159.0,195.0,0.7249608,158.0,187.0,0.6020062,195.0,195.0,0.6870744,190.0,188.0,0.5018811,236.0,187.0,0.7186023,226.0,181.0,0.6236666
guy3_cobra126_flipped.jpg,186.0,183.0,0.46818247,186.0,178.0,0.61234653,183.0,177.0,0.64472103,173.0,175.0,0.5038787,167.0,174.0,0.75692815,160.0,179.0,0.6512201,148.0,183.0,0.6850862,145.0,185.0,0.22879577,108.0,190.0,0.38218844,156.0,204.0,0.6099791,123.0,214.0,0.4920952,99.0,190.0,0.7579557,95.0,193.0,0.78159904,63.0,188.0,0.5792953,57.0,191.0,0.5821991,23.0,183.0,0.5975816,20.0,185.0,0.7748841
guy3_cobra127.jpg,69.0,181.0,0.7731936,71.0,175.0,0.6277417,69.0,175.0,0.7778304,85.0,172.0,0.8402951,81.0,172.0,0.6438226,103.0,178.0,0.7680676,93.0,178.0,0.6249273,143.0,188.0,0.42887437,111.0,183.0,0.1249227,132.0,211.0,0.6449234,99.0,202.0,0.47725153,158.0,192.0,0.74497914,157.0,185.0,0.5610858,194.0,191.0,0.679315,191.0,185.0,0.47013307,235.0,184.0,0.7741356,227.0,180.0,0.7584651
guy3_cobra127_flipped.jpg,186.0,182.0,0.68579614,186.0,176.0,0.61877525,183.0,176.0,0.6269671,173.0,173.0,0.6003207,168.0,173.0,0.62348515,160.0,176.0,0.6463392,146.0,179.0,0.59760153,147.0,182.0,0.22045745,109.0,184.0,0.40740794,156.0,202.0,0.56063366,123.0,209.0,0.64986885,102.0,189.0,0.7411777,97.0,191.0,0.77227795,66.0,186.0,0.643366,59.0,188.0,0.645416,27.0,179.0,0.46105695,22.0,181.0,0.62917334
guy3_cobra128_flipped.jpg,188.0,180.0,0.7255583,188.0,174.0,0.55559564,186.0,174.0,0.6683484,174.0,171.0,0.5055075,170.0,170.0,0.7201141,161.0,174.0,0.5858315,148.0,177.0,0.64736617,143.0,177.0,0.1904489,110.0,181.0,0.40304947,156.0,199.0,0.5535196,125.0,206.0,0.6263118,103.0,187.0,0.7432952,98.0,189.0,0.781066,67.0,183.0,0.582302,59.0,186.0,0.69031465,28.0,176.0,0.5567313,23.0,179.0,0.58821416
guy3_cobra129_flipped.jpg,190.0,177.0,0.6674381,189.0,173.0,0.55455124,187.0,172.0,0.637033,177.0,170.0,0.6325365,172.0,169.0,0.57169807,164.0,173.0,0.6165242,149.0,175.0,0.63215935,150.0,176.0,0.16373174,112.0,181.0,0.44210884,159.0,197.0,0.312339,127.0,203.0,0.63901114,104.0,184.0,0.74327815,99.0,186.0,0.77061605,65.0,180.0,0.54975116,59.0,182.0,0.5601953,25.0,175.0,0.4548664,21.0,178.0,0.72269076
guy3_cobra130.jpg,65.0,176.0,0.6907142,67.0,170.0,0.7002752,66.0,170.0,0.78944594,81.0,166.0,0.80170995,76.0,165.0,0.6480366,101.0,171.0,0.6703523,92.0,167.0,0.6392773,142.0,178.0,0.46094486,116.0,168.0,0.25909713,128.0,199.0,0.60530275,105.0,190.0,0.25263608,156.0,183.0,0.71942186,154.0,176.0,0.60966885,193.0,182.0,0.5637375,189.0,177.0,0.5160076,231.0,176.0,0.66670156,225.0,173.0,0.73606235
guy3_cobra130_flipped.jpg,191.0,176.0,0.6897423,190.0,171.0,0.8151884,189.0,170.0,0.60758126,177.0,167.0,0.7177616,174.0,167.0,0.65244085,165.0,170.0,0.5179298,151.0,171.0,0.62829316,148.0,170.0,0.14354192,113.0,176.0,0.41507116,159.0,194.0,0.4342796,127.0,200.0,0.65859747,106.0,179.0,0.6913171,101.0,181.0,0.7616783,66.0,178.0,0.5837013,61.0,181.0,0.6194572,24.0,174.0,0.5739263,21.0,177.0,0.61269224
guy3_cobra131_flipped.jpg,193.0,173.0,0.59290683,192.0,168.0,0.7385951,190.0,167.0,0.6671638,179.0,165.0,0.6418042,175.0,164.0,0.74837923,167.0,167.0,0.6435771,152.0,168.0,0.48589724,147.0,168.0,0.15837437,113.0,171.0,0.3409175,158.0,187.0,0.257091,130.0,196.0,0.66562015,107.0,175.0,0.71425265,101.0,177.0,0.7095523,70.0,176.0,0.43199405,62.0,176.0,0.6799236,27.0,169.0,0.52433085,22.0,173.0,0.73663676
guy3_cobra132_flipped.jpg,193.0,171.0,0.668432,195.0,166.0,0.56590796,192.0,165.0,0.6016493,185.0,163.0,0.25399816,177.0,162.0,0.71335495,170.0,166.0,0.41255486,157.0,168.0,0.43451482,162.0,169.0,0.1868287,119.0,171.0,0.2157646,165.0,180.0,0.13929409,130.0,192.0,0.49677432,105.0,170.0,0.4605786,98.0,174.0,0.39278165,67.0,170.0,0.26129887,62.0,174.0,0.21187575,30.0,167.0,0.28113362,22.0,172.0,0.5038359
guy3_cobra133_flipped.jpg,195.0,170.0,0.68731356,195.0,164.0,0.7928763,193.0,163.0,0.73341703,183.0,160.0,0.6967051,178.0,159.0,0.57457215,170.0,162.0,0.56751764,155.0,164.0,0.5552549,150.0,158.0,0.16830717,116.0,166.0,0.4247283,160.0,181.0,0.27187067,133.0,189.0,0.6954103,109.0,169.0,0.7190907,103.0,172.0,0.78207576,72.0,170.0,0.5363306,63.0,172.0,0.70832956,31.0,163.0,0.49012244,24.0,168.0,0.7164187
guy3_cobra134_flipped.jpg,197.0,167.0,0.74044883,197.0,162.0,0.814625,195.0,161.0,0.60837364,185.0,158.0,0.7264461,180.0,157.0,0.7003275,173.0,160.0,0.64537185,156.0,163.0,0.4389325,160.0,162.0,0.28685668,120.0,164.0,0.339706,164.0,179.0,0.25735793,134.0,186.0,0.6123215,109.0,164.0,0.72445786,104.0,169.0,0.7607752,68.0,165.0,0.57438266,63.0,168.0,0.5621313,28.0,161.0,0.50251496,24.0,165.0,0.5892899
guy3_cobra135_flipped.jpg,199.0,164.0,0.61968994,198.0,159.0,0.59035766,196.0,158.0,0.49057686,187.0,155.0,0.6035782,182.0,153.0,0.8385479,173.0,156.0,0.4869484,157.0,159.0,0.51681745,152.0,154.0,0.25351423,120.0,161.0,0.44886118,161.0,175.0,0.22378357,136.0,183.0,0.5759252,110.0,162.0,0.74301887,104.0,166.0,0.7939656,71.0,162.0,0.57661134,64.0,164.0,0.56190467,31.0,157.0,0.41113067,23.0,162.0,0.70780176
guy3_cobra136_flipped.jpg,200.0,161.0,0.693384,200.0,156.0,0.55609334,198.0,155.0,0.63689125,189.0,152.0,0.665877,183.0,150.0,0.75323814,175.0,153.0,0.6012354,160.0,157.0,0.40604675,155.0,149.0,0.22988114,123.0,157.0,0.31918144,164.0,169.0,0.18030429,137.0,178.0,0.47728926,113.0,158.0,0.7094019,108.0,163.0,0.78815687,74.0,161.0,0.61924636,66.0,162.0,0.5750005,29.0,155.0,0.43311343,25.0,159.0,0.7641762
guy3_cobra137.jpg,55.0,159.0,0.69450295,56.0,154.0,0.6089084,55.0,154.0,0.67033625,70.0,149.0,0.6530446,66.0,148.0,0.5414654,90.0,153.0,0.6879819,79.0,149.0,0.5622395,131.0,155.0,0.44240192,102.0,146.0,0.23034611,114.0,176.0,0.6324933,89.0,163.0,0.17939763,150.0,160.0,0.72538126,146.0,153.0,0.63326293,188.0,162.0,0.45458362,184.0,156.0,0.7084018,227.0,158.0,0.62637633,223.0,154.0,0.48391056
guy3_cobra137_flipped.jpg,201.0,160.0,0.67432934,201.0,155.0,0.69567925,199.0,154.0,0.7007651,190.0,150.0,0.49181366,186.0,148.0,0.7944836,178.0,151.0,0.44791582,161.0,154.0,0.52199423,152.0,147.0,0.35512203,123.0,152.0,0.3352021,165.0,170.0,0.19685908,138.0,174.0,0.63077796,115.0,156.0,0.68006766,110.0,159.0,0.6542866,77.0,157.0,0.5724602,67.0,160.0,0.61452746,37.0,152.0,0.3903079,25.0,157.0,0.7466051
guy3_cobra138.jpg,53.0,158.0,0.64537567,55.0,152.0,0.64591277,53.0,153.0,0.8206404,68.0,147.0,0.7249639,63.0,146.0,0.6347453,87.0,151.0,0.7005665,80.0,147.0,0.51891875,130.0,151.0,0.48636836,107.0,143.0,0.25859863,114.0,172.0,0.57966554,94.0,159.0,0.21062432,148.0,159.0,0.746946,144.0,151.0,0.5673827,186.0,159.0,0.6129515,182.0,154.0,0.6270277,227.0,156.0,0.53905034,222.0,153.0,0.5932529
guy3_cobra138_flipped.jpg,204.0,156.0,0.70083,204.0,152.0,0.664533,201.0,151.0,0.5394333,193.0,147.0,0.47448772,188.0,146.0,0.83429426,181.0,147.0,0.59359336,162.0,153.0,0.5253913,171.0,148.0,0.2883008,129.0,150.0,0.33611524,173.0,162.0,0.21104844,140.0,170.0,0.5079788,117.0,151.0,0.6761839,112.0,156.0,0.7275279,78.0,153.0,0.3965293,68.0,156.0,0.6688868,29.0,151.0,0.45438364,26.0,154.0,0.7195867
guy3_cobra139.jpg,52.0,155.0,0.5775001,53.0,150.0,0.5809115,51.0,150.0,0.8016423,66.0,144.0,0.6953161,61.0,144.0,0.623303,84.0,148.0,0.69492173,79.0,144.0,0.28115752,128.0,148.0,0.39057317,102.0,140.0,0.2520652,112.0,168.0,0.71895015,88.0,154.0,0.17974362,146.0,155.0,0.7510733,143.0,148.0,0.6072429,185.0,156.0,0.5011196,180.0,151.0,0.65680504,224.0,152.0,0.5447974,220.0,150.0,0.49551266
guy3_cobra139_flipped.jpg,204.0,156.0,0.6146294,205.0,151.0,0.73124564,203.0,150.0,0.63398707,194.0,146.0,0.5554126,189.0,145.0,0.7474184,182.0,145.0,0.4776582,164.0,150.0,0.47427872,163.0,142.0,0.27699253,129.0,148.0,0.2730751,171.0,162.0,0.26874822,144.0,168.0,0.56012976,117.0,149.0,0.6703446,113.0,153.0,0.6973591,77.0,153.0,0.5372541,69.0,154.0,0.5919577,30.0,150.0,0.49219456,29.0,151.0,0.6939905
guy3_cobra140.jpg,51.0,155.0,0.5666937,52.0,149.0,0.5530213,50.0,150.0,0.6786145,65.0,143.0,0.8566497,61.0,143.0,0.6967076,82.0,147.0,0.54486144,78.0,141.0,0.467853,125.0,145.0,0.39510247,106.0,136.0,0.3385075,109.0,166.0,0.53355604,94.0,145.0,0.13873816,145.0,153.0,0.738389,142.0,145.0,0.5730218,185.0,153.0,0.56855714,181.0,148.0,0.64301777,224.0,150.0,0.4428492,222.0,149.0,0.6189505
guy3_cobra140_flipped.jpg,206.0,154.0,0.67164034,206.0,149.0,0.6220931,204.0,149.0,0.4395519,195.0,145.0,0.4968433,191.0,143.0,0.78868407,184.0,143.0,0.41612187,167.0,150.0,0.41395685,165.0,139.0,0.27379966,132.0,145.0,0.2829693,173.0,157.0,0.17061825,144.0,165.0,0.58932686,120.0,146.0,0.63358045,116.0,151.0,0.71196246,78.0,150.0,0.5956865,71.0,152.0,0.5678614,30.0,149.0,0.5790595,28.0,151.0,0.6594181
