guy3_dog025.jpg,166.0,141.0,0.33360222,170.0,142.0,0.49278232,165.0,142.0,0.5589646,172.0,132.0,0.4058557,158.0,135.0,0.5473743,170.0,114.0,0.8179171,136.0,122.0,0.798431,172.0,141.0,0.6861019,126.0,157.0,0.88765633,178.0,172.0,0.7845816,133.0,178.0,0.30469105,125.0,73.0,0.6521354,104.0,78.0,0.7946468,112.0,118.0,0.52486384,93.0,122.0,0.61611986,93.0,121.0,0.5517927,76.0,125.0,0.80162734
guy3_dog025_flipped.jpg,91.0,143.0,0.48485243,92.0,145.0,0.62146413,87.0,144.0,0.699818,98.0,136.0,0.60248494,84.0,135.0,0.55169696,121.0,121.0,0.78669953,84.0,113.0,0.655717,131.0,158.0,0.85389364,83.0,143.0,0.6497475,122.0,175.0,0.28316534,78.0,172.0,0.84511846,151.0,77.0,0.8324282,130.0,70.0,0.6943473,161.0,115.0,0.6550697,149.0,113.0,0.6483715,180.0,127.0,0.7005495,163.0,125.0,0.6336299
guy3_dog026.jpg,160.0,142.0,0.4485212,164.0,143.0,0.6438975,160.0,143.0,0.5942713,168.0,136.0,0.54861915,154.0,135.0,0.69858474,170.0,118.0,0.84277385,133.0,123.0,0.74200046,171.0,144.0,0.8163595,124.0,157.0,0.8460983,177.0,172.0,0.6618151,130.0,175.0,0.2407966,125.0,73.0,0.64450145,104.0,77.0,0.81485975,112.0,114.0,0.44772977,92.0,118.0,0.52934396,97.0,123.0,0.33754066,77.0,125.0,0.75384414
guy3_dog026_flipped.jpg,95.0,143.0,0.40873268,96.0,144.0,0.5833306,91.0,144.0,0.64782536,101.0,135.0,0.5858828,86.0,135.0,0.6184389,122.0,122.0,0.72050965,86.0,116.0,0.8119633,133.0,159.0,0.8429194,83.0,147.0,0.7672943,129.0,168.0,0.19497828,80.0,168.0,0.5089756,149.0,75.0,0.80487823,130.0,69.0,0.9063876,160.0,112.0,0.834155,143.0,111.0,0.6408013,179.0,127.0,0.9079735,162.0,128.0,0.59123945
guy3_dog027.jpg,158.0,144.0,0.47276044,163.0,145.0,0.55745316,158.0,145.0,0.5993842,166.0,137.0,0.5738839,151.0,137.0,0.5397521,167.0,118.0,0.837839,131.0,123.0,0.6431098,170.0,144.0,0.66400564,122.0,159.0,0.86727476,176.0,168.0,0.55904436,175.0,168.0,0.18051259,125.0,68.0,0.7643595,104.0,73.0,0.76289433,108.0,111.0,0.5389067,91.0,114.0,0.48601934,92.0,124.0,0.41622597,78.0,124.0,0.813114
guy3_dog027_flipped.jpg,97.0,142.0,0.3690578,98.0,144.0,0.4890097,93.0,144.0,0.5568825,105.0,134.0,0.7146989,89.0,134.0,0.4969308,124.0,121.0,0.6989939,87.0,117.0,0.76971716,134.0,159.0,0.8895017,85.0,147.0,0.70310676,131.0,164.0,0.20108642,80.0,166.0,0.39590222,149.0,72.0,0.73860186,130.0,66.0,0.8924737,160.0,109.0,0.8374987,145.0,108.0,0.7025621,178.0,125.0,0.81279373,163.0,125.0,0.5950371
guy3_dog028.jpg,156.0,142.0,0.36832178,161.0,143.0,0.43460858,155.0,144.0,0.49130863,164.0,135.0,0.45240885,148.0,135.0,0.5852498,166.0,117.0,0.80701846,129.0,120.0,0.75599456,171.0,144.0,0.7351154,120.0,158.0,0.8077901,176.0,164.0,0.47358853,122.0,165.0,0.103992276,123.0,66.0,0.7236341,103.0,71.0,0.670061,112.0,109.0,0.5361811,92.0,112.0,0.6073173,94.0,122.0,0.5664897,79.0,124.0,0.79746604
guy3_dog029_flipped.jpg,102.0,139.0,0.413658,104.0,142.0,0.4935432,98.0,142.0,0.59507656,112.0,135.0,0.6339456,93.0,134.0,0.6582583,129.0,123.0,0.65588886,93.0,115.0,0.68147856,137.0,157.0,0.8940502,87.0,145.0,0.76198334,129.0,172.0,0.17499077,82.0,169.0,0.73884416,149.0,67.0,0.90232366,133.0,60.0,0.9191501,162.0,103.0,0.8272931,146.0,102.0,0.5494728,177.0,126.0,0.80802244,158.0,124.0,0.7277298
guy3_dog030.jpg,151.0,141.0,0.3442341,156.0,143.0,0.3968418,150.0,144.0,0.4259347,159.0,135.0,0.46710673,142.0,136.0,0.5708371,160.0,120.0,0.82681787,124.0,121.0,0.7193601,168.0,149.0,0.71316284,116.0,159.0,0.9269626,171.0,166.0,0.43105257,117.0,165.0,0.100516245,121.0,64.0,0.6380124,102.0,67.0,0.79791194,108.0,103.0,0.7054162,90.0,105.0,0.80148417,94.0,121.0,0.55141604,80.0,125.0,0.82026935
guy3_dog030_flipped.jpg,105.0,139.0,0.37707558,108.0,142.0,0.36859116,101.0,142.0,0.567135,115.0,135.0,0.59610516,96.0,134.0,0.64770687,132.0,122.0,0.7195801,94.0,116.0,0.7228354,139.0,159.0,0.9152045,87.0,147.0,0.8631856,132.0,174.0,0.13186315,82.0,170.0,0.7947257,151.0,65.0,0.9256082,133.0,60.0,0.87713337,164.0,101.0,0.69331264,147.0,101.0,0.6786761,176.0,127.0,0.7053708,158.0,124.0,0.58320093
guy3_dog031.jpg,147.0,142.0,0.36904594,151.0,144.0,0.38756263,146.0,145.0,0.4364592,156.0,136.0,0.6215129,139.0,137.0,0.67772317,158.0,119.0,0.7740198,121.0,121.0,0.6667566,167.0,147.0,0.812328,113.0,158.0,0.8930486,171.0,168.0,0.6025087,118.0,169.0,0.12394153,119.0,61.0,0.7568527,100.0,64.0,0.7857168,110.0,101.0,0.62543195,90.0,103.0,0.7261515,93.0,122.0,0.5194549,80.0,126.0,0.8421524
guy3_dog031_flipped.jpg,109.0,138.0,0.38011637,111.0,141.0,0.46346152,103.0,141.0,0.40430647,119.0,134.0,0.6061214,99.0,134.0,0.59496915,135.0,123.0,0.622792,97.0,116.0,0.70325136,140.0,159.0,0.8041148,88.0,147.0,0.6253543,131.0,175.0,0.2126637,82.0,173.0,0.8709436,152.0,63.0,0.83967686,135.0,59.0,0.904524,166.0,98.0,0.8054591,148.0,100.0,0.589565,176.0,127.0,0.6430929,158.0,124.0,0.52582026
guy3_dog032.jpg,144.0,142.0,0.35013688,148.0,143.0,0.4697869,142.0,144.0,0.55977803,152.0,136.0,0.6676856,135.0,136.0,0.44211897,156.0,119.0,0.80682695,119.0,122.0,0.6178347,165.0,149.0,0.8657582,112.0,157.0,0.9004922,170.0,167.0,0.55948627,117.0,167.0,0.1608806,117.0,58.0,0.79045,99.0,62.0,0.83089805,113.0,101.0,0.6590129,89.0,102.0,0.73328435,95.0,122.0,0.44698703,82.0,125.0,0.73248607
guy3_dog032_flipped.jpg,109.0,139.0,0.47755966,111.0,142.0,0.56806743,105.0,141.0,0.5520165,120.0,135.0,0.6605884,102.0,134.0,0.7352092,136.0,123.0,0.6221616,100.0,116.0,0.68984896,142.0,156.0,0.8001848,90.0,147.0,0.8268049,128.0,184.0,0.7126007,82.0,172.0,0.81657207,156.0,57.0,0.817638,136.0,54.0,0.8592602,165.0,97.0,0.7367382,147.0,99.0,0.6700774,172.0,124.0,0.6630155,156.0,121.0,0.688311
guy3_dog033.jpg,141.0,143.0,0.42262766,146.0,143.0,0.500869,140.0,145.0,0.5045215,150.0,135.0,0.5281154,132.0,137.0,0.6822712,154.0,118.0,0.8274022,116.0,120.0,0.5340112,164.0,147.0,0.81170666,111.0,154.0,0.69911844,168.0,164.0,0.4978313,116.0,166.0,0.1189832,116.0,58.0,0.76368773,99.0,61.0,0.7737552,111.0,100.0,0.56788284,89.0,102.0,0.7175875,95.0,122.0,0.4757063,82.0,126.0,0.6405903
guy3_dog033_flipped.jpg,114.0,137.0,0.39218998,118.0,141.0,0.30804217,110.0,141.0,0.5322165,125.0,134.0,0.6520299,105.0,134.0,0.6479726,138.0,124.0,0.45331895,103.0,117.0,0.7067467,143.0,156.0,0.8884187,92.0,146.0,0.81868213,136.0,175.0,0.65532434,85.0,173.0,0.827053,154.0,60.0,0.8489644,136.0,58.0,0.8888213,166.0,97.0,0.87757534,148.0,98.0,0.47576806,175.0,126.0,0.7131468,158.0,123.0,0.69087046
guy3_dog034.jpg,137.0,145.0,0.35450047,142.0,146.0,0.4858859,136.0,145.0,0.45307687,146.0,137.0,0.64940727,129.0,137.0,0.68238,150.0,118.0,0.8494217,113.0,121.0,0.61880916,161.0,149.0,0.61014694,111.0,156.0,0.8118289,166.0,165.0,0.57835186,114.0,165.0,0.23872581,115.0,59.0,0.6538764,98.0,62.0,0.7752378,112.0,100.0,0.63517,88.0,101.0,0.82629454,95.0,123.0,0.3900066,81.0,126.0,0.66730773
guy3_dog034_flipped.jpg,115.0,137.0,0.4282035,118.0,142.0,0.4513416,111.0,141.0,0.6220029,127.0,136.0,0.69342756,108.0,135.0,0.57098264,141.0,125.0,0.7349888,106.0,116.0,0.6589625,144.0,157.0,0.76628256,93.0,147.0,0.7810837,132.0,181.0,0.8252708,85.0,172.0,0.8247498,159.0,56.0,0.8946877,140.0,54.0,0.7854581,167.0,94.0,0.68362963,149.0,97.0,0.5078416,171.0,124.0,0.45203996,151.0,125.0,0.29566845
guy3_dog035.jpg,135.0,141.0,0.35923505,140.0,143.0,0.54245853,134.0,143.0,0.56405246,145.0,135.0,0.5357883,127.0,136.0,0.62967014,150.0,116.0,0.7971044,111.0,119.0,0.5080519,160.0,145.0,0.74953496,110.0,154.0,0.6632082,166.0,165.0,0.65927494,113.0,165.0,0.22417541,114.0,57.0,0.77400875,97.0,60.0,0.8483786,113.0,98.0,0.6917044,88.0,99.0,0.8208225,103.0,120.0,0.28632274,83.0,125.0,0.78774905
guy3_dog035_flipped.jpg,118.0,138.0,0.365164,121.0,142.0,0.47696528,114.0,141.0,0.5521959,129.0,135.0,0.68229145,111.0,134.0,0.51474863,143.0,123.0,0.5582384,106.0,115.0,0.6920553,144.0,155.0,0.8735473,95.0,146.0,0.79616123,133.0,181.0,0.78966475,88.0,170.0,0.6577867,159.0,55.0,0.88961446,139.0,53.0,0.83006513,166.0,94.0,0.70072687,145.0,94.0,0.52782553,171.0,123.0,0.69776314,150.0,123.0,0.33276743
guy3_dog036.jpg,131.0,140.0,0.4762528,136.0,141.0,0.5299736,130.0,142.0,0.5596318,140.0,132.0,0.56982267,123.0,135.0,0.5462246,145.0,115.0,0.81291676,107.0,121.0,0.5608932,156.0,144.0,0.783265,109.0,155.0,0.71587825,165.0,170.0,0.6553254,114.0,171.0,0.12014671,113.0,59.0,0.888919,96.0,62.0,0.7831547,113.0,96.0,0.5137421,88.0,98.0,0.86678755,107.0,117.0,0.12482728,82.0,124.0,0.7859463
guy3_dog036_flipped.jpg,122.0,136.0,0.3456206,125.0,141.0,0.6460332,118.0,140.0,0.58219784,133.0,134.0,0.65154976,114.0,134.0,0.67292655,146.0,122.0,0.721171,110.0,114.0,0.6839858,145.0,153.0,0.8883981,96.0,145.0,0.82388526,136.0,180.0,0.6996824,89.0,170.0,0.8954509,160.0,54.0,0.88508207,140.0,52.0,0.8460118,167.0,94.0,0.6757937,146.0,94.0,0.5048902,172.0,122.0,0.6522993,151.0,123.0,0.3000759
guy3_dog037.jpg,129.0,139.0,0.47629634,133.0,141.0,0.39817375,127.0,141.0,0.4815545,137.0,133.0,0.61602294,120.0,135.0,0.5688667,145.0,116.0,0.73666775,106.0,120.0,0.6194757,156.0,144.0,0.6528983,107.0,153.0,0.8173454,162.0,168.0,0.40848404,112.0,168.0,0.24005914,113.0,59.0,0.85247445,96.0,61.0,0.8444712,114.0,98.0,0.4333597,87.0,98.0,0.7650147,104.0,119.0,0.19119737,83.0,125.0,0.74496174
guy3_dog037_flipped.jpg,123.0,136.0,0.48649618,125.0,140.0,0.61201674,118.0,139.0,0.57588816,134.0,133.0,0.6606686,115.0,133.0,0.5345733,146.0,124.0,0.6638731,111.0,114.0,0.6486658,147.0,154.0,0.68205696,97.0,144.0,0.8501289,138.0,179.0,0.7043766,91.0,171.0,0.8030662,159.0,54.0,0.7386936,141.0,53.0,0.79603744,168.0,94.0,0.5568625,148.0,91.0,0.5971874,172.0,122.0,0.6359998,152.0,121.0,0.3104622
guy3_dog038_flipped.jpg,125.0,137.0,0.48833516,127.0,141.0,0.606621,120.0,140.0,0.57908565,136.0,134.0,0.62136793,117.0,133.0,0.6257416,149.0,124.0,0.7594847,111.0,115.0,0.6730474,148.0,152.0,0.8835901,100.0,142.0,0.7506071,140.0,177.0,0.7787689,93.0,169.0,0.85964555,160.0,54.0,0.86667025,141.0,53.0,0.8252773,167.0,92.0,0.6451059,146.0,92.0,0.65364766,170.0,122.0,0.50523466,153.0,119.0,0.3168295
guy3_dog039.jpg,125.0,139.0,0.4642851,129.0,140.0,0.5585387,124.0,141.0,0.3789882,133.0,132.0,0.5565969,117.0,135.0,0.59223443,141.0,115.0,0.8231825,103.0,119.0,0.4173502,152.0,145.0,0.76589,105.0,152.0,0.6910303,160.0,168.0,0.6733262,110.0,170.0,0.3284216,113.0,60.0,0.60793006,95.0,61.0,0.66094804,118.0,95.0,0.43519425,87.0,97.0,0.76183605,110.0,117.0,0.113547556,84.0,120.0,0.72502834
guy3_dog039_flipped.jpg,126.0,135.0,0.40953988,129.0,139.0,0.5647191,121.0,138.0,0.46844354,138.0,132.0,0.64002436,118.0,131.0,0.41851002,150.0,121.0,0.5849597,112.0,112.0,0.52116764,150.0,150.0,0.8885667,102.0,142.0,0.68092364,141.0,176.0,0.7101443,95.0,169.0,0.8870922,160.0,54.0,0.87014574,142.0,53.0,0.82197297,167.0,93.0,0.55394727,148.0,92.0,0.5254667,170.0,121.0,0.5848408,164.0,119.0,0.5188439
guy3_dog040.jpg,124.0,137.0,0.36527953,129.0,138.0,0.6446024,123.0,139.0,0.43458438,133.0,130.0,0.60853606,117.0,133.0,0.6308325,140.0,114.0,0.87602234,103.0,119.0,0.5432507,150.0,142.0,0.86571443,103.0,150.0,0.86342055,158.0,166.0,0.7336782,107.0,167.0,0.24101242,112.0,59.0,0.8470514,95.0,61.0,0.8348843,117.0,93.0,0.38449675,89.0,95.0,0.8233213,111.0,114.0,0.1012145,85.0,119.0,0.7971692
guy3_dog040_flipped.jpg,129.0,133.0,0.46403384,133.0,137.0,0.49063206,126.0,136.0,0.44392675,140.0,130.0,0.6662047,121.0,130.0,0.52119154,152.0,120.0,0.6166362,116.0,113.0,0.7009777,153.0,150.0,0.83699024,103.0,140.0,0.7432164,146.0,173.0,0.6516762,97.0,167.0,0.88984036,162.0,58.0,0.9156788,142.0,57.0,0.8485663,168.0,92.0,0.85987425,150.0,92.0,0.52757525,171.0,120.0,0.50315243,156.0,115.0,0.2824985
guy3_dog041.jpg,123.0,137.0,0.45233336,128.0,138.0,0.556035,122.0,139.0,0.5548445,132.0,131.0,0.6429032,115.0,134.0,0.5910203,139.0,114.0,0.8817661,102.0,118.0,0.6013727,149.0,140.0,0.83371806,102.0,149.0,0.750993,156.0,165.0,0.7333964,107.0,167.0,0.33470538,114.0,59.0,0.6984936,96.0,59.0,0.78149426,121.0,94.0,0.4227945,89.0,96.0,0.73904085,114.0,114.0,0.12645037,86.0,118.0,0.6964865
guy3_dog041_flipped.jpg,130.0,134.0,0.4432683,133.0,137.0,0.64377356,127.0,136.0,0.5358762,140.0,129.0,0.6120228,122.0,129.0,0.5814605,153.0,119.0,0.7426455,116.0,114.0,0.7102413,154.0,148.0,0.60453475,104.0,139.0,0.8007606,148.0,170.0,0.73838997,99.0,164.0,0.7861388,162.0,58.0,0.89367205,141.0,56.0,0.8856673,168.0,90.0,0.7358153,151.0,91.0,0.55985355,172.0,118.0,0.45765823,154.0,113.0,0.25354382
guy3_dog042_flipped.jpg,130.0,132.0,0.47968698,132.0,135.0,0.57023335,127.0,135.0,0.5659414,141.0,128.0,0.6366074,123.0,128.0,0.62602293,154.0,118.0,0.6547493,116.0,113.0,0.6335689,155.0,145.0,0.8370981,105.0,138.0,0.72358966,148.0,170.0,0.735021,99.0,165.0,0.7600329,160.0,57.0,0.8535337,141.0,55.0,0.7659705,168.0,90.0,0.72836816,149.0,89.0,0.44972554,171.0,118.0,0.43434674,156.0,115.0,0.29209512
guy3_dog043.jpg,122.0,133.0,0.43580392,126.0,134.0,0.5972468,120.0,136.0,0.48457432,129.0,128.0,0.59481394,114.0,130.0,0.6547538,137.0,112.0,0.81709576,99.0,115.0,0.59787315,147.0,138.0,0.8530975,100.0,146.0,0.80477357,155.0,163.0,0.5826112,106.0,166.0,0.68617165,113.0,57.0,0.63712233,97.0,57.0,0.6446787,116.0,92.0,0.3644537,91.0,95.0,0.635456,112.0,112.0,0.16550034,86.0,115.0,0.5504371
guy3_dog043_flipped.jpg,132.0,130.0,0.4255751,135.0,134.0,0.42183542,129.0,133.0,0.4887814,142.0,127.0,0.7099017,125.0,127.0,0.55575955,154.0,118.0,0.60343266,119.0,111.0,0.69818187,156.0,146.0,0.8613369,106.0,138.0,0.8126739,150.0,169.0,0.80585265,101.0,164.0,0.8707038,159.0,56.0,0.8090886,142.0,54.0,0.90327406,170.0,89.0,0.63154745,152.0,88.0,0.4081477,170.0,117.0,0.50322336,156.0,114.0,0.24183068
guy3_dog044.jpg,121.0,132.0,0.50475353,126.0,134.0,0.43765932,120.0,135.0,0.52453405,129.0,127.0,0.5841463,113.0,129.0,0.5783354,138.0,111.0,0.78024703,100.0,115.0,0.41782984,148.0,139.0,0.80169207,99.0,144.0,0.71836543,153.0,163.0,0.72181207,104.0,162.0,0.30799115,113.0,56.0,0.6092739,96.0,57.0,0.8161543,117.0,90.0,0.35788834,91.0,95.0,0.5332756,111.0,110.0,0.17845775,87.0,115.0,0.49242902
guy3_dog044_flipped.jpg,132.0,130.0,0.46511713,135.0,134.0,0.54730844,129.0,132.0,0.5038068,143.0,126.0,0.67303705,125.0,126.0,0.5828273,156.0,117.0,0.7276379,119.0,111.0,0.7381884,157.0,144.0,0.780768,106.0,138.0,0.78808254,152.0,168.0,0.7694499,102.0,162.0,0.86799115,159.0,55.0,0.8925363,141.0,54.0,0.89000136,168.0,89.0,0.6001638,149.0,87.0,0.6517669,169.0,114.0,0.50915426,154.0,114.0,0.25616285
guy3_dog045.jpg,120.0,131.0,0.3634469,124.0,132.0,0.5664209,119.0,134.0,0.45832425,127.0,127.0,0.52443635,112.0,129.0,0.51147187,136.0,110.0,0.79005104,100.0,112.0,0.58941907,147.0,137.0,0.7950652,97.0,144.0,0.588863,153.0,161.0,0.46736756,103.0,165.0,0.62487984,115.0,55.0,0.6750682,97.0,56.0,0.71786314,121.0,90.0,0.4158791,98.0,95.0,0.34554616,113.0,111.0,0.16787101,88.0,111.0,0.23296574
guy3_dog045_flipped.jpg,133.0,128.0,0.48987445,135.0,132.0,0.46547836,129.0,131.0,0.5013465,143.0,126.0,0.5908362,125.0,126.0,0.59282684,155.0,116.0,0.6986899,120.0,109.0,0.6873989,158.0,142.0,0.79580075,107.0,135.0,0.8598157,153.0,165.0,0.7478089,103.0,161.0,0.5946679,159.0,55.0,0.8342413,140.0,54.0,0.8888382,166.0,89.0,0.6210816,149.0,88.0,0.52999717,166.0,115.0,0.41412526,153.0,113.0,0.33055067
guy3_dog046.jpg,120.0,131.0,0.43471697,124.0,132.0,0.38555238,118.0,133.0,0.46268633,127.0,126.0,0.4816498,111.0,128.0,0.6120068,136.0,110.0,0.64688337,98.0,114.0,0.34845757,146.0,136.0,0.8181336,97.0,142.0,0.8028389,151.0,160.0,0.66370404,104.0,162.0,0.3010256,115.0,54.0,0.6880506,97.0,55.0,0.7373398,120.0,87.0,0.47580194,98.0,93.0,0.49431536,115.0,109.0,0.14650582,92.0,107.0,0.1743101
guy3_dog046_flipped.jpg,134.0,128.0,0.47600436,136.0,131.0,0.566208,130.0,131.0,0.588305,144.0,125.0,0.5576652,125.0,126.0,0.5447067,156.0,116.0,0.6517513,119.0,110.0,0.5885,158.0,142.0,0.6737587,108.0,138.0,0.8222253,153.0,162.0,0.7470311,104.0,160.0,0.81332827,158.0,54.0,0.88989383,138.0,53.0,0.82708186,165.0,87.0,0.49247772,143.0,87.0,0.47541755,160.0,114.0,0.29445916,144.0,112.0,0.24953887
guy3_dog047.jpg,120.0,131.0,0.40840176,123.0,133.0,0.49655655,118.0,133.0,0.32081038,127.0,127.0,0.5403982,111.0,127.0,0.41648403,136.0,111.0,0.70286363,99.0,114.0,0.33771473,145.0,135.0,0.84652454,97.0,139.0,0.71124,149.0,156.0,0.5352938,101.0,156.0,0.34315145,117.0,55.0,0.7688782,99.0,56.0,0.6919085,123.0,88.0,0.44743636,101.0,93.0,0.3481765,118.0,109.0,0.14712918,99.0,107.0,0.33437303
guy3_dog047_flipped.jpg,133.0,127.0,0.4857128,136.0,129.0,0.59812224,130.0,129.0,0.54837704,143.0,124.0,0.58720016,126.0,125.0,0.56934977,156.0,116.0,0.56991374,119.0,110.0,0.60442483,158.0,140.0,0.64859474,108.0,137.0,0.7245735,154.0,158.0,0.6241373,104.0,160.0,0.79643726,158.0,55.0,0.789419,139.0,55.0,0.7495731,163.0,89.0,0.381164,146.0,90.0,0.4001145,160.0,115.0,0.3047297,147.0,114.0,0.24545954
guy3_dog048.jpg,120.0,131.0,0.36446217,124.0,132.0,0.4460904,118.0,133.0,0.55264366,127.0,125.0,0.43396977,111.0,126.0,0.45648086,136.0,109.0,0.7583611,100.0,113.0,0.27657756,145.0,134.0,0.838747,96.0,138.0,0.6873459,149.0,156.0,0.5667093,101.0,156.0,0.56200826,118.0,55.0,0.7453149,99.0,56.0,0.8099644,123.0,86.0,0.49378398,101.0,93.0,0.37893698,119.0,107.0,0.19726586,101.0,105.0,0.39933446
guy3_dog048_flipped.jpg,134.0,126.0,0.4618386,135.0,129.0,0.5824945,130.0,129.0,0.58778954,143.0,123.0,0.5952369,126.0,124.0,0.33386225,155.0,114.0,0.69256973,119.0,109.0,0.6601424,160.0,137.0,0.6371517,109.0,136.0,0.7679172,154.0,161.0,0.78025085,106.0,160.0,0.46611384,157.0,55.0,0.8454209,139.0,54.0,0.8277442,162.0,88.0,0.41695848,143.0,89.0,0.41917,157.0,114.0,0.27157894,145.0,111.0,0.29924774
guy3_dog049.jpg,120.0,130.0,0.36359537,124.0,131.0,0.47284245,118.0,131.0,0.47910002,127.0,124.0,0.5332519,112.0,125.0,0.48198885,137.0,110.0,0.7509215,101.0,112.0,0.41936505,146.0,133.0,0.8715694,97.0,137.0,0.7742468,149.0,155.0,0.64921737,101.0,157.0,0.654908,119.0,55.0,0.7874175,101.0,55.0,0.7647586,126.0,90.0,0.48567447,104.0,93.0,0.4409048,121.0,108.0,0.19066095,104.0,105.0,0.45974374
guy3_dog049_flipped.jpg,133.0,124.0,0.4137785,136.0,127.0,0.44827303,130.0,128.0,0.5262753,143.0,122.0,0.46888927,126.0,123.0,0.40839943,154.0,113.0,0.74845064,120.0,108.0,0.6073561,158.0,136.0,0.64511514,109.0,134.0,0.65618116,156.0,157.0,0.6263604,107.0,158.0,0.57130885,155.0,55.0,0.9106717,137.0,55.0,0.8278779,160.0,89.0,0.37968746,144.0,89.0,0.40241766,154.0,111.0,0.18059285,143.0,109.0,0.2103831
guy3_dog050.jpg,120.0,130.0,0.36674625,123.0,131.0,0.41330227,117.0,132.0,0.5682928,126.0,125.0,0.39726606,111.0,126.0,0.43532813,136.0,109.0,0.72194004,101.0,109.0,0.48815843,145.0,132.0,0.8623557,97.0,137.0,0.75666416,147.0,153.0,0.44083712,100.0,156.0,0.3619935,120.0,54.0,0.6959059,101.0,54.0,0.8015898,126.0,89.0,0.38394102,105.0,91.0,0.5466252,121.0,109.0,0.19182882,105.0,107.0,0.32012433
guy3_dog050_flipped.jpg,134.0,124.0,0.4263274,137.0,128.0,0.4015974,130.0,127.0,0.5687227,144.0,123.0,0.5721208,126.0,122.0,0.6063087,155.0,112.0,0.6044433,120.0,107.0,0.68319947,158.0,136.0,0.8393618,109.0,133.0,0.7308072,154.0,161.0,0.7968441,107.0,154.0,0.6790227,154.0,53.0,0.8951382,135.0,53.0,0.84481597,156.0,90.0,0.36692548,135.0,90.0,0.4740495,151.0,112.0,0.28152785,140.0,111.0,0.3473035
guy3_dog051.jpg,120.0,127.0,0.38468197,123.0,129.0,0.5028858,118.0,130.0,0.49078265,128.0,124.0,0.51137996,112.0,125.0,0.44000247,137.0,107.0,0.6625302,102.0,108.0,0.45262912,146.0,132.0,0.82929957,98.0,134.0,0.7731315,149.0,154.0,0.6005719,101.0,155.0,0.4482997,121.0,52.0,0.7805367,103.0,52.0,0.5096663,127.0,85.0,0.33081573,106.0,88.0,0.4717396,123.0,109.0,0.21471378,105.0,105.0,0.32307208
guy3_dog051_flipped.jpg,132.0,124.0,0.3579535,136.0,127.0,0.4700754,130.0,127.0,0.5736615,143.0,122.0,0.6199269,125.0,122.0,0.6130973,154.0,110.0,0.76023084,118.0,106.0,0.648451,158.0,135.0,0.58546543,109.0,132.0,0.7536967,156.0,154.0,0.48917046,107.0,153.0,0.757233,152.0,51.0,0.8285518,134.0,52.0,0.8230376,156.0,86.0,0.31694263,131.0,86.0,0.5264996,153.0,111.0,0.219341,137.0,110.0,0.35893
guy3_dog052.jpg,121.0,126.0,0.41362137,125.0,129.0,0.42551458,119.0,129.0,0.46929428,129.0,123.0,0.46479648,113.0,124.0,0.5247023,138.0,107.0,0.67746246,103.0,107.0,0.41580993,147.0,132.0,0.84318215,98.0,134.0,0.7467552,149.0,153.0,0.6875212,100.0,154.0,0.47225767,123.0,52.0,0.7871908,105.0,52.0,0.8645474,127.0,84.0,0.45236543,106.0,87.0,0.43288684,125.0,108.0,0.2380665,109.0,106.0,0.35299608
guy3_dog052_flipped.jpg,133.0,124.0,0.43333143,136.0,127.0,0.5213878,129.0,127.0,0.48906687,142.0,122.0,0.57104313,125.0,122.0,0.48263618,153.0,109.0,0.7490344,117.0,105.0,0.5915249,157.0,135.0,0.69442827,109.0,131.0,0.7969377,155.0,155.0,0.62528145,107.0,153.0,0.61115557,150.0,51.0,0.8186181,132.0,50.0,0.8475181,153.0,90.0,0.32407185,131.0,89.0,0.3816356,147.0,114.0,0.17815025,133.0,111.0,0.21289931
guy3_dog053.jpg,123.0,128.0,0.45599562,127.0,130.0,0.47462806,120.0,131.0,0.5211128,131.0,125.0,0.53497326,115.0,125.0,0.5453008,139.0,106.0,0.58406997,104.0,107.0,0.4320822,147.0,131.0,0.8038514,99.0,134.0,0.84781224,149.0,155.0,0.78959215,102.0,156.0,0.62645507,125.0,51.0,0.79815316,105.0,51.0,0.59726524,131.0,89.0,0.49434644,108.0,89.0,0.5376365,125.0,111.0,0.16615416,110.0,111.0,0.2073333
guy3_dog053_flipped.jpg,132.0,124.0,0.40361786,136.0,127.0,0.5381242,129.0,127.0,0.5286326,142.0,121.0,0.60173917,123.0,122.0,0.51920664,153.0,109.0,0.6029435,117.0,105.0,0.5556989,157.0,134.0,0.5930183,108.0,131.0,0.7409965,156.0,153.0,0.5377225,106.0,155.0,0.8403332,149.0,49.0,0.8943488,131.0,48.0,0.8609568,151.0,90.0,0.39815503,125.0,92.0,0.5186376,145.0,114.0,0.2472871,132.0,111.0,0.26192942
guy3_dog054.jpg,123.0,127.0,0.41886368,128.0,129.0,0.57506967,121.0,129.0,0.49824473,132.0,123.0,0.5192669,115.0,123.0,0.509125,139.0,106.0,0.6575658,105.0,106.0,0.5286554,148.0,131.0,0.79711694,100.0,133.0,0.7151313,149.0,155.0,0.7779675,103.0,158.0,0.5062161,125.0,51.0,0.7376916,107.0,51.0,0.7738546,131.0,87.0,0.4062927,109.0,90.0,0.6050557,126.0,107.0,0.24642794,112.0,108.0,0.39649507
guy3_dog054_flipped.jpg,130.0,124.0,0.38191858,135.0,127.0,0.49940196,128.0,127.0,0.5337155,142.0,119.0,0.5433719,122.0,120.0,0.55356526,151.0,108.0,0.6837676,115.0,108.0,0.5367303,157.0,132.0,0.72590727,107.0,132.0,0.80003285,155.0,154.0,0.52900666,106.0,156.0,0.86800313,148.0,50.0,0.8752395,129.0,50.0,0.67860276,149.0,88.0,0.5077816,124.0,88.0,0.56678486,148.0,113.0,0.25564748,129.0,110.0,0.39244676
guy3_dog055.jpg,125.0,126.0,0.4382815,128.0,129.0,0.3538527,122.0,128.0,0.5504074,132.0,122.0,0.54402703,116.0,122.0,0.4689581,141.0,107.0,0.65961343,107.0,107.0,0.49302724,149.0,132.0,0.8129716,101.0,135.0,0.77695423,151.0,154.0,0.84098816,103.0,156.0,0.5623716,128.0,52.0,0.7452153,109.0,53.0,0.6865814,132.0,83.0,0.4795769,110.0,87.0,0.4825227,128.0,107.0,0.24505438,112.0,106.0,0.4627844
guy3_dog055_flipped.jpg,129.0,124.0,0.359089,134.0,127.0,0.4429223,127.0,127.0,0.47196117,140.0,120.0,0.4627394,122.0,121.0,0.52277017,149.0,107.0,0.7169204,114.0,105.0,0.5692223,155.0,132.0,0.7285594,106.0,132.0,0.8352544,152.0,157.0,0.6876049,105.0,156.0,0.6944752,146.0,49.0,0.8030841,127.0,49.0,0.79640096,147.0,89.0,0.4285657,123.0,87.0,0.55575144,144.0,112.0,0.23295824,128.0,109.0,0.35562804
guy3_dog056.jpg,126.0,127.0,0.43646,130.0,129.0,0.49263355,124.0,128.0,0.54060704,135.0,123.0,0.4431418,118.0,122.0,0.49419862,144.0,108.0,0.59518516,108.0,107.0,0.5190487,151.0,131.0,0.80028844,102.0,133.0,0.8057338,152.0,152.0,0.70404446,105.0,154.0,0.48942405,130.0,53.0,0.7879149,112.0,53.0,0.73338556,136.0,88.0,0.33949482,113.0,90.0,0.5678686,130.0,108.0,0.19766651,113.0,109.0,0.3467239
guy3_dog056_flipped.jpg,128.0,123.0,0.35247225,132.0,125.0,0.59066,125.0,126.0,0.35874256,139.0,119.0,0.53735864,121.0,119.0,0.5749694,148.0,107.0,0.71449566,112.0,106.0,0.45629355,153.0,132.0,0.7286341,105.0,131.0,0.865572,151.0,156.0,0.77594113,104.0,155.0,0.8135164,144.0,50.0,0.80942065,126.0,50.0,0.8358941,145.0,89.0,0.4617327,122.0,88.0,0.5423062,145.0,112.0,0.29008418,130.0,108.0,0.32163864
guy3_dog057.jpg,127.0,127.0,0.348024,130.0,130.0,0.54249465,125.0,129.0,0.54099214,135.0,125.0,0.5088587,119.0,123.0,0.4333488,145.0,108.0,0.64899945,109.0,108.0,0.39838558,153.0,132.0,0.7936009,103.0,134.0,0.7008252,153.0,152.0,0.62989104,105.0,154.0,0.6436619,132.0,54.0,0.78109574,114.0,54.0,0.68330896,137.0,90.0,0.30708998,115.0,91.0,0.6060358,130.0,110.0,0.1589853,115.0,111.0,0.31120363
guy3_dog057_flipped.jpg,128.0,123.0,0.41873407,131.0,126.0,0.3868433,124.0,125.0,0.53142595,138.0,120.0,0.6277045,119.0,120.0,0.5527367,146.0,108.0,0.7312342,112.0,106.0,0.56668466,153.0,134.0,0.67889047,103.0,132.0,0.84364015,151.0,153.0,0.70531344,103.0,154.0,0.8662418,141.0,51.0,0.82448375,123.0,51.0,0.8430995,143.0,86.0,0.5103131,119.0,88.0,0.52545154,143.0,113.0,0.30270776,127.0,110.0,0.22463398
guy3_dog058.jpg,127.0,127.0,0.33932543,131.0,129.0,0.37349913,125.0,128.0,0.5040015,136.0,124.0,0.45427826,120.0,122.0,0.50108653,145.0,108.0,0.60249436,111.0,108.0,0.41339484,153.0,132.0,0.6952492,104.0,134.0,0.79949915,154.0,153.0,0.7247658,106.0,156.0,0.77115834,134.0,53.0,0.8224293,116.0,53.0,0.54611087,138.0,89.0,0.40111038,118.0,90.0,0.54142797,134.0,111.0,0.17499794,118.0,111.0,0.32185832
guy3_dog058_flipped.jpg,126.0,123.0,0.37959075,130.0,126.0,0.45249122,122.0,126.0,0.5973985,137.0,120.0,0.56320405,117.0,120.0,0.5927425,145.0,107.0,0.7642834,110.0,108.0,0.46401837,152.0,132.0,0.72983646,103.0,131.0,0.75841445,150.0,153.0,0.73595643,103.0,155.0,0.8031438,140.0,50.0,0.8166722,120.0,50.0,0.83638203,142.0,91.0,0.4278636,118.0,90.0,0.5938117,140.0,114.0,0.29487497,124.0,111.0,0.27805212
guy3_dog059.jpg,130.0,126.0,0.3752744,133.0,129.0,0.35454482,127.0,128.0,0.5241709,137.0,123.0,0.47475967,121.0,122.0,0.44704393,146.0,107.0,0.6015696,113.0,108.0,0.42106226,154.0,131.0,0.63187873,105.0,133.0,0.82995504,155.0,153.0,0.6720493,106.0,155.0,0.6709297,137.0,54.0,0.8135665,119.0,54.0,0.59679633,138.0,86.0,0.3946608,120.0,88.0,0.5826035,136.0,108.0,0.1547742,120.0,105.0,0.41217387
guy3_dog059_flipped.jpg,124.0,124.0,0.34081763,127.0,127.0,0.48793003,120.0,127.0,0.6008314,133.0,121.0,0.61461926,115.0,121.0,0.5756831,143.0,108.0,0.687488,108.0,108.0,0.44757172,149.0,133.0,0.690501,101.0,132.0,0.7549154,149.0,154.0,0.5023793,101.0,154.0,0.7246558,137.0,50.0,0.79085505,117.0,50.0,0.80039626,137.0,87.0,0.49362463,116.0,86.0,0.542246,136.0,114.0,0.29715744,123.0,113.0,0.32781
guy3_dog060.jpg,129.0,126.0,0.31979293,132.0,129.0,0.37004384,126.0,129.0,0.43844917,137.0,123.0,0.45299426,121.0,123.0,0.49672267,147.0,107.0,0.63665354,114.0,107.0,0.45770416,155.0,132.0,0.73249316,107.0,134.0,0.6418434,155.0,153.0,0.49311516,108.0,155.0,0.80813235,137.0,52.0,0.6749947,120.0,52.0,0.8168514,141.0,86.0,0.41691744,121.0,87.0,0.58088946,135.0,109.0,0.20141739,122.0,108.0,0.4464486
guy3_dog060_flipped.jpg,122.0,125.0,0.39938393,126.0,128.0,0.5811564,120.0,129.0,0.5123051,132.0,122.0,0.5073042,115.0,123.0,0.5328187,142.0,109.0,0.6261662,107.0,108.0,0.5057664,148.0,134.0,0.7689794,98.0,134.0,0.71331036,148.0,154.0,0.48756686,100.0,155.0,0.8204086,135.0,51.0,0.800598,116.0,51.0,0.64831483,137.0,89.0,0.45626897,114.0,90.0,0.44252583,136.0,114.0,0.32798177,121.0,111.0,0.35544258
guy3_dog061.jpg,131.0,127.0,0.28631547,135.0,130.0,0.5449532,128.0,130.0,0.5846648,140.0,123.0,0.53056955,123.0,124.0,0.6286016,149.0,108.0,0.6792134,116.0,107.0,0.4684366,157.0,133.0,0.75605863,108.0,133.0,0.6992371,157.0,157.0,0.6963466,109.0,157.0,0.84945023,141.0,53.0,0.7557286,123.0,54.0,0.8615208,144.0,85.0,0.44237617,123.0,86.0,0.5741789,141.0,108.0,0.20971671,123.0,107.0,0.53456503
guy3_dog061_flipped.jpg,120.0,125.0,0.3899635,124.0,128.0,0.39635134,117.0,128.0,0.48872262,130.0,122.0,0.5670264,112.0,122.0,0.52750766,140.0,109.0,0.663808,104.0,108.0,0.619704,146.0,135.0,0.70697474,98.0,135.0,0.8743776,147.0,158.0,0.73255694,97.0,157.0,0.8676894,131.0,51.0,0.7782365,113.0,52.0,0.84891564,133.0,87.0,0.5441264,112.0,89.0,0.52396476,133.0,115.0,0.24337181,120.0,113.0,0.31361905
guy3_dog062.jpg,133.0,128.0,0.39464676,136.0,130.0,0.5478177,130.0,130.0,0.59585935,142.0,124.0,0.51428556,125.0,124.0,0.5214579,152.0,109.0,0.620283,118.0,108.0,0.4574892,159.0,134.0,0.71331894,110.0,135.0,0.7329516,160.0,156.0,0.5908128,110.0,157.0,0.7036941,143.0,54.0,0.76669025,125.0,54.0,0.8443131,145.0,88.0,0.54348564,125.0,89.0,0.6806077,142.0,112.0,0.17908454,126.0,112.0,0.36960325
guy3_dog062_flipped.jpg,120.0,124.0,0.42884097,123.0,128.0,0.40381172,116.0,128.0,0.49844825,129.0,123.0,0.58719623,112.0,123.0,0.6017684,137.0,110.0,0.64132214,103.0,108.0,0.556185,145.0,134.0,0.74123347,95.0,135.0,0.8758752,145.0,156.0,0.58489656,96.0,158.0,0.69965947,130.0,52.0,0.8237387,110.0,52.0,0.68058157,132.0,91.0,0.38012585,109.0,93.0,0.5589599,132.0,115.0,0.28307196,118.0,113.0,0.23821798
guy3_dog063.jpg,134.0,131.0,0.45016634,138.0,133.0,0.602842,132.0,133.0,0.5610992,143.0,125.0,0.5263264,126.0,126.0,0.48734093,153.0,109.0,0.71335554,119.0,109.0,0.46854037,161.0,136.0,0.80248207,112.0,135.0,0.65626377,160.0,161.0,0.69307303,112.0,160.0,0.85749924,145.0,53.0,0.70102096,127.0,53.0,0.7044337,147.0,89.0,0.50159764,127.0,89.0,0.59607136,146.0,109.0,0.17760824,127.0,107.0,0.3532562
guy3_dog063_flipped.jpg,118.0,130.0,0.44287878,122.0,133.0,0.4943157,115.0,132.0,0.4382402,128.0,126.0,0.5720985,109.0,126.0,0.44641453,137.0,111.0,0.64094496,102.0,108.0,0.56657845,144.0,137.0,0.7073059,94.0,136.0,0.85616827,144.0,156.0,0.5668076,94.0,158.0,0.7675562,128.0,52.0,0.8247242,108.0,52.0,0.8324425,127.0,88.0,0.59065336,109.0,92.0,0.47264296,127.0,116.0,0.14812516,115.0,114.0,0.18498403
guy3_dog064.jpg,136.0,131.0,0.42863527,140.0,133.0,0.5932121,134.0,133.0,0.49368837,145.0,125.0,0.47400287,128.0,126.0,0.4743786,156.0,112.0,0.58925474,121.0,112.0,0.46836558,163.0,138.0,0.773954,113.0,137.0,0.755507,162.0,160.0,0.5549977,113.0,161.0,0.91281646,147.0,54.0,0.85680693,131.0,55.0,0.74205256,150.0,87.0,0.5177529,129.0,86.0,0.5808927,150.0,110.0,0.13338818,131.0,108.0,0.3556788
guy3_dog064_flipped.jpg,115.0,128.0,0.43988797,119.0,132.0,0.57290095,113.0,132.0,0.49109587,125.0,127.0,0.49835712,107.0,126.0,0.37440833,134.0,111.0,0.71023726,100.0,109.0,0.5671263,142.0,136.0,0.71630406,92.0,137.0,0.8494631,143.0,159.0,0.6853272,92.0,160.0,0.8473345,125.0,51.0,0.80667245,105.0,51.0,0.83283174,126.0,90.0,0.5536921,104.0,93.0,0.59287286,126.0,117.0,0.230429,111.0,114.0,0.16295229
guy3_dog065.jpg,139.0,132.0,0.45782542,142.0,134.0,0.6221607,136.0,134.0,0.4513617,148.0,126.0,0.4298331,131.0,127.0,0.5011265,158.0,112.0,0.6551352,123.0,113.0,0.48578575,165.0,138.0,0.8455241,114.0,138.0,0.80542916,164.0,161.0,0.4351399,114.0,162.0,0.9161133,151.0,54.0,0.738876,133.0,54.0,0.68403816,153.0,87.0,0.52296627,131.0,87.0,0.59733397,154.0,110.0,0.20586835,133.0,107.0,0.36271524
guy3_dog065_flipped.jpg,114.0,131.0,0.33367085,117.0,135.0,0.51469207,111.0,135.0,0.6075753,121.0,128.0,0.49385208,105.0,128.0,0.5151148,132.0,111.0,0.66924584,97.0,110.0,0.54247093,140.0,137.0,0.69542235,91.0,139.0,0.82843643,140.0,161.0,0.64051425,93.0,163.0,0.83887523,121.0,54.0,0.720161,102.0,55.0,0.8412237,122.0,88.0,0.6010071,104.0,90.0,0.5980761,124.0,111.0,0.14516206,108.0,110.0,0.29391295
guy3_dog066.jpg,140.0,133.0,0.4220176,144.0,135.0,0.5829431,138.0,135.0,0.48595414,150.0,128.0,0.48697424,133.0,129.0,0.41789052,161.0,113.0,0.52848256,125.0,114.0,0.48044643,167.0,139.0,0.8065055,116.0,139.0,0.69036126,165.0,162.0,0.5218296,116.0,164.0,0.6155987,154.0,55.0,0.84888995,135.0,55.0,0.838461,155.0,89.0,0.56630445,134.0,89.0,0.62728316,154.0,115.0,0.29982,136.0,111.0,0.3611332
guy3_dog066_flipped.jpg,113.0,130.0,0.43649286,116.0,134.0,0.3447353,109.0,134.0,0.43496177,120.0,128.0,0.53422594,103.0,128.0,0.5450678,131.0,113.0,0.54513633,95.0,113.0,0.36468032,138.0,139.0,0.70099366,89.0,141.0,0.83519673,140.0,162.0,0.71539146,91.0,165.0,0.63417315,119.0,53.0,0.8333239,99.0,55.0,0.83603066,121.0,90.0,0.3761627,101.0,91.0,0.6271216,120.0,117.0,0.17123762,105.0,116.0,0.28508082
guy3_dog067.jpg,143.0,132.0,0.343508,147.0,134.0,0.60569906,141.0,134.0,0.42342877,153.0,127.0,0.588809,136.0,128.0,0.6165594,164.0,114.0,0.5825243,126.0,114.0,0.5670724,168.0,142.0,0.68413293,117.0,140.0,0.7980159,167.0,161.0,0.6245538,116.0,163.0,0.8023148,156.0,56.0,0.8014169,137.0,56.0,0.82349783,157.0,89.0,0.514871,136.0,90.0,0.4320051,156.0,116.0,0.25131413,140.0,113.0,0.43110397
guy3_dog067_flipped.jpg,110.0,133.0,0.36234272,114.0,136.0,0.39726642,107.0,134.0,0.49627015,120.0,129.0,0.53166676,101.0,128.0,0.5666398,130.0,114.0,0.68907964,92.0,113.0,0.44664383,137.0,139.0,0.7768141,86.0,142.0,0.6224116,139.0,162.0,0.70647264,89.0,162.0,0.5209843,116.0,54.0,0.79949164,97.0,55.0,0.6801561,119.0,91.0,0.51601195,99.0,93.0,0.47555766,117.0,118.0,0.17328355,106.0,120.0,0.33011314
guy3_dog068.jpg,145.0,133.0,0.38097197,149.0,135.0,0.5821165,143.0,135.0,0.56357944,156.0,128.0,0.60610664,138.0,129.0,0.6030626,165.0,116.0,0.61731315,128.0,115.0,0.5342497,170.0,142.0,0.6936332,119.0,140.0,0.78126276,169.0,163.0,0.5142348,117.0,164.0,0.7180792,159.0,56.0,0.68587077,140.0,56.0,0.8118266,160.0,90.0,0.4258724,137.0,91.0,0.34012112,160.0,116.0,0.20849732,139.0,110.0,0.39726433
guy3_dog068_flipped.jpg,106.0,133.0,0.33580974,111.0,137.0,0.35687914,104.0,135.0,0.4212892,117.0,129.0,0.56003594,99.0,129.0,0.67387396,128.0,116.0,0.7125346,90.0,116.0,0.285654,136.0,142.0,0.71879673,85.0,143.0,0.8511686,138.0,163.0,0.76311857,87.0,163.0,0.633211,114.0,55.0,0.814725,94.0,55.0,0.67387927,116.0,91.0,0.4801695,96.0,94.0,0.4792618,116.0,119.0,0.17319131,99.0,118.0,0.2744605
guy3_dog069.jpg,146.0,133.0,0.36374807,150.0,136.0,0.49675256,143.0,136.0,0.5024713,156.0,130.0,0.62628484,139.0,130.0,0.5740001,166.0,116.0,0.6766846,130.0,115.0,0.508042,173.0,143.0,0.7681762,120.0,141.0,0.589987,170.0,164.0,0.66264284,118.0,165.0,0.7073526,162.0,56.0,0.79284555,141.0,57.0,0.7593937,163.0,93.0,0.4933449,138.0,93.0,0.5220738,162.0,120.0,0.36413217,141.0,114.0,0.35913384
guy3_dog069_flipped.jpg,107.0,134.0,0.32049558,110.0,137.0,0.4955334,104.0,136.0,0.48043895,116.0,130.0,0.52249503,98.0,130.0,0.6169645,127.0,115.0,0.7395083,89.0,118.0,0.3825138,135.0,144.0,0.69449043,84.0,143.0,0.72837996,137.0,164.0,0.71314216,85.0,164.0,0.6309638,112.0,55.0,0.82670546,91.0,57.0,0.84263635,114.0,93.0,0.5451716,94.0,95.0,0.5071902,112.0,120.0,0.24376489,96.0,121.0,0.3638186
guy3_dog070.jpg,149.0,133.0,0.36623165,152.0,136.0,0.49149072,145.0,137.0,0.46447158,159.0,130.0,0.59864604,140.0,131.0,0.53966814,168.0,115.0,0.607654,132.0,115.0,0.6206321,174.0,142.0,0.81994414,122.0,141.0,0.6432657,170.0,168.0,0.74058306,119.0,165.0,0.77613276,164.0,57.0,0.78007686,144.0,57.0,0.8318081,165.0,95.0,0.4968679,142.0,93.0,0.43174058,165.0,119.0,0.30214444,143.0,111.0,0.38552675
guy3_dog070_flipped.jpg,105.0,134.0,0.3517778,109.0,137.0,0.40222633,102.0,137.0,0.44935194,114.0,130.0,0.49885038,96.0,130.0,0.6463263,124.0,115.0,0.77492094,86.0,116.0,0.38701466,133.0,142.0,0.7472644,82.0,143.0,0.8007392,136.0,165.0,0.69624484,84.0,167.0,0.69208753,109.0,58.0,0.80651647,89.0,58.0,0.8541,112.0,94.0,0.45974305,92.0,94.0,0.46722698,110.0,117.0,0.2112869,95.0,119.0,0.31603658
guy3_dog071.jpg,151.0,135.0,0.34699607,154.0,137.0,0.55219746,147.0,138.0,0.5080838,160.0,131.0,0.67509437,142.0,132.0,0.4412395,170.0,118.0,0.62605965,134.0,115.0,0.54280055,174.0,145.0,0.77322686,122.0,143.0,0.76015586,173.0,165.0,0.72095954,120.0,167.0,0.8278959,165.0,58.0,0.7578028,147.0,58.0,0.7110472,166.0,94.0,0.47426033,143.0,94.0,0.5691076,167.0,122.0,0.3299461,145.0,114.0,0.33232933
guy3_dog071_flipped.jpg,104.0,135.0,0.2895425,107.0,138.0,0.40968302,101.0,138.0,0.57067347,112.0,131.0,0.5662703,94.0,132.0,0.56763566,123.0,117.0,0.669973,83.0,118.0,0.37321886,133.0,143.0,0.74158084,80.0,147.0,0.7381129,136.0,167.0,0.780957,84.0,168.0,0.6268407,108.0,58.0,0.8499453,87.0,59.0,0.8054841,110.0,94.0,0.47937122,88.0,97.0,0.41725183,109.0,117.0,0.19113076,88.0,118.0,0.42248788
guy3_dog072.jpg,152.0,138.0,0.39117235,155.0,141.0,0.4947597,148.0,141.0,0.5677842,162.0,134.0,0.60590744,143.0,134.0,0.6238452,172.0,120.0,0.69181275,135.0,117.0,0.55698,178.0,147.0,0.70362514,124.0,144.0,0.75005424,174.0,169.0,0.8018339,121.0,170.0,0.7578696,169.0,58.0,0.78879404,150.0,58.0,0.81411976,168.0,92.0,0.4795831,146.0,91.0,0.5278648,170.0,118.0,0.25497964,146.0,110.0,0.3522252
guy3_dog072_flipped.jpg,103.0,137.0,0.39912072,107.0,140.0,0.43657255,100.0,140.0,0.4527345,111.0,132.0,0.519233,93.0,133.0,0.5152933,122.0,118.0,0.7829949,83.0,120.0,0.3972715,132.0,143.0,0.82583076,79.0,147.0,0.88474435,135.0,167.0,0.77338856,82.0,167.0,0.671087,105.0,56.0,0.8891401,84.0,58.0,0.67469656,107.0,92.0,0.6150794,88.0,95.0,0.421919,105.0,119.0,0.19887435,87.0,120.0,0.37410587
guy3_dog073.jpg,150.0,139.0,0.3445732,154.0,142.0,0.53025925,147.0,141.0,0.5742022,161.0,136.0,0.48577112,142.0,135.0,0.6196215,172.0,122.0,0.6139384,133.0,122.0,0.3231233,178.0,148.0,0.7667961,125.0,144.0,0.642308,175.0,170.0,0.78884757,122.0,171.0,0.5874344,173.0,58.0,0.8643143,153.0,58.0,0.7183552,171.0,94.0,0.50664103,147.0,94.0,0.57006,168.0,125.0,0.19220634,150.0,120.0,0.3999515
guy3_dog073_flipped.jpg,103.0,139.0,0.30053407,106.0,141.0,0.52182156,99.0,142.0,0.5606495,110.0,133.0,0.5316087,91.0,134.0,0.45548218,120.0,117.0,0.8196653,81.0,119.0,0.43614408,131.0,145.0,0.8646191,76.0,149.0,0.8021221,134.0,170.0,0.5844463,82.0,171.0,0.788874,103.0,57.0,0.89458454,82.0,59.0,0.87029856,108.0,97.0,0.51156414,86.0,98.0,0.5877012,106.0,122.0,0.19342664,87.0,123.0,0.23806468
guy3_dog074.jpg,152.0,138.0,0.34948304,155.0,141.0,0.5062684,148.0,140.0,0.5033516,163.0,134.0,0.5990143,143.0,134.0,0.5320097,175.0,120.0,0.5975089,136.0,118.0,0.44363564,180.0,148.0,0.7515652,125.0,144.0,0.76475775,175.0,170.0,0.754864,122.0,170.0,0.8537162,173.0,60.0,0.87311226,155.0,60.0,0.6397842,172.0,99.0,0.42929697,149.0,94.0,0.48538917,166.0,121.0,0.21479192,155.0,119.0,0.44811678
guy3_dog074_flipped.jpg,101.0,142.0,0.3339788,104.0,144.0,0.38293335,97.0,144.0,0.5219015,109.0,135.0,0.5666629,90.0,136.0,0.48809955,119.0,119.0,0.69871074,80.0,120.0,0.5305718,129.0,145.0,0.82679415,75.0,150.0,0.8020165,134.0,171.0,0.648484,80.0,171.0,0.8653822,101.0,58.0,0.8166229,80.0,59.0,0.7709853,106.0,99.0,0.41135916,85.0,103.0,0.5246937,104.0,121.0,0.15143763,84.0,119.0,0.21105032
guy3_dog075.jpg,153.0,139.0,0.38572899,156.0,143.0,0.4708231,150.0,142.0,0.4323178,164.0,136.0,0.3603926,145.0,136.0,0.4292974,176.0,120.0,0.5451575,137.0,120.0,0.43255827,181.0,150.0,0.76835155,126.0,145.0,0.71432304,175.0,167.0,0.5341543,122.0,169.0,0.68929005,176.0,60.0,0.80332255,156.0,59.0,0.5769125,174.0,98.0,0.53975487,151.0,95.0,0.6166419,170.0,126.0,0.2378605,157.0,123.0,0.43173003
guy3_dog075_flipped.jpg,98.0,143.0,0.34260532,103.0,145.0,0.5155456,96.0,145.0,0.43057182,107.0,136.0,0.5299175,88.0,137.0,0.4934392,117.0,119.0,0.6809889,78.0,121.0,0.5172608,128.0,143.0,0.7487377,74.0,151.0,0.87260336,133.0,171.0,0.48425737,80.0,172.0,0.62832904,99.0,57.0,0.7699525,77.0,60.0,0.70397305,104.0,97.0,0.52008635,82.0,99.0,0.62342864,101.0,121.0,0.17844033,82.0,121.0,0.23271051
guy3_dog076.jpg,153.0,139.0,0.35736987,157.0,142.0,0.46667865,151.0,142.0,0.52702975,166.0,135.0,0.51840293,146.0,135.0,0.56246114,178.0,121.0,0.51805294,138.0,119.0,0.5723808,182.0,150.0,0.636189,128.0,145.0,0.6970439,177.0,169.0,0.6814658,123.0,170.0,0.855819,178.0,61.0,0.85361725,159.0,60.0,0.7724353,177.0,96.0,0.4070333,154.0,92.0,0.65641546,173.0,121.0,0.24875195,159.0,121.0,0.46962112
guy3_dog076_flipped.jpg,97.0,143.0,0.36517236,101.0,144.0,0.5877125,95.0,145.0,0.47497633,106.0,136.0,0.53700197,87.0,137.0,0.5376867,117.0,119.0,0.66320443,76.0,122.0,0.40282476,128.0,146.0,0.7934058,73.0,152.0,0.6732343,133.0,169.0,0.5099055,78.0,171.0,0.5873476,96.0,58.0,0.82965076,76.0,60.0,0.6567756,101.0,95.0,0.63212514,80.0,98.0,0.47164628,99.0,121.0,0.18571354,80.0,122.0,0.2453702
guy3_dog077.jpg,154.0,140.0,0.32276928,158.0,144.0,0.35516933,151.0,143.0,0.5906346,167.0,137.0,0.51297855,147.0,138.0,0.56526434,178.0,123.0,0.48640522,140.0,121.0,0.6810656,183.0,152.0,0.76502126,128.0,145.0,0.53178585,177.0,172.0,0.7446011,123.0,173.0,0.7646912,181.0,62.0,0.80462855,161.0,61.0,0.8071198,180.0,103.0,0.33344632,163.0,98.0,0.38746482,176.0,126.0,0.21394737,162.0,122.0,0.2739337
guy3_dog077_flipped.jpg,98.0,144.0,0.3130069,101.0,146.0,0.45161322,95.0,146.0,0.5446993,105.0,138.0,0.5705732,86.0,139.0,0.5062455,115.0,120.0,0.6832392,75.0,123.0,0.5746155,127.0,147.0,0.85711306,72.0,153.0,0.79848063,132.0,173.0,0.71331847,78.0,174.0,0.6466608,94.0,59.0,0.75076413,73.0,61.0,0.7258835,100.0,100.0,0.47592527,78.0,105.0,0.55097055,96.0,123.0,0.16613324,78.0,125.0,0.17845196
guy3_dog078.jpg,157.0,142.0,0.40219498,160.0,145.0,0.28564373,153.0,145.0,0.5589744,168.0,138.0,0.5839764,149.0,139.0,0.5871676,179.0,126.0,0.5312176,141.0,122.0,0.67970943,184.0,154.0,0.65098965,129.0,148.0,0.7610349,178.0,175.0,0.5836361,124.0,174.0,0.72570443,183.0,64.0,0.75514257,163.0,62.0,0.8386566,183.0,104.0,0.39518654,164.0,96.0,0.4701927,181.0,126.0,0.28215325,163.0,122.0,0.284671
guy3_dog078_flipped.jpg,97.0,145.0,0.45014614,101.0,147.0,0.5305691,94.0,148.0,0.5506352,105.0,139.0,0.46298948,86.0,140.0,0.5713576,115.0,120.0,0.66930246,74.0,123.0,0.48828667,126.0,148.0,0.83122647,72.0,153.0,0.6418975,132.0,174.0,0.80423903,78.0,178.0,0.69614816,93.0,60.0,0.85265404,71.0,62.0,0.73312455,100.0,102.0,0.5524912,76.0,107.0,0.48218697,94.0,124.0,0.16540906,76.0,127.0,0.19933178
guy3_dog079.jpg,156.0,143.0,0.31408435,160.0,146.0,0.4690895,153.0,145.0,0.4038154,169.0,138.0,0.64355016,148.0,139.0,0.46869448,181.0,126.0,0.4925975,142.0,122.0,0.6212214,185.0,154.0,0.5622088,129.0,150.0,0.7336806,179.0,177.0,0.75655377,124.0,175.0,0.7952288,184.0,62.0,0.8392808,164.0,62.0,0.78533,184.0,108.0,0.46152905,164.0,103.0,0.3285784,181.0,130.0,0.27386668,168.0,130.0,0.36165994
guy3_dog079_flipped.jpg,96.0,146.0,0.34766835,99.0,147.0,0.52404773,93.0,148.0,0.5279115,103.0,139.0,0.517269,84.0,140.0,0.616135,113.0,121.0,0.75462043,72.0,124.0,0.55173415,126.0,149.0,0.8368411,71.0,155.0,0.72544456,131.0,174.0,0.7778208,76.0,178.0,0.7496488,92.0,60.0,0.7963704,70.0,62.0,0.71933866,98.0,102.0,0.5932919,74.0,108.0,0.48181477,91.0,123.0,0.17999606,73.0,125.0,0.23332831
guy3_dog080.jpg,158.0,143.0,0.41611105,161.0,146.0,0.5773957,155.0,146.0,0.42104736,170.0,139.0,0.64683366,150.0,140.0,0.4834252,184.0,128.0,0.5159438,143.0,122.0,0.56441885,186.0,157.0,0.7765321,130.0,150.0,0.79888964,179.0,179.0,0.71899617,123.0,177.0,0.7735268,189.0,63.0,0.8882004,166.0,61.0,0.7923022,186.0,106.0,0.35527226,169.0,103.0,0.28645962,185.0,131.0,0.38505417,170.0,129.0,0.23892088
guy3_dog080_flipped.jpg,95.0,144.0,0.41515857,99.0,147.0,0.49806604,93.0,147.0,0.54413325,104.0,138.0,0.5502826,83.0,140.0,0.6377684,113.0,121.0,0.835454,71.0,125.0,0.42217344,125.0,149.0,0.8207958,70.0,157.0,0.72439355,131.0,175.0,0.89504004,77.0,179.0,0.7995233,90.0,60.0,0.82881325,68.0,62.0,0.78710294,96.0,100.0,0.5564455,73.0,103.0,0.43315557,91.0,120.0,0.15014012,73.0,123.0,0.25356713
guy3_dog081.jpg,160.0,143.0,0.42036083,163.0,147.0,0.57488424,156.0,146.0,0.47497064,172.0,140.0,0.6133467,152.0,139.0,0.51537913,185.0,128.0,0.47148964,144.0,123.0,0.65919125,188.0,156.0,0.6151018,130.0,149.0,0.8107017,179.0,181.0,0.8326423,124.0,176.0,0.7960446,190.0,63.0,0.8878109,168.0,62.0,0.87803566,190.0,105.0,0.5102705,172.0,101.0,0.42189014,188.0,132.0,0.33351168,171.0,124.0,0.26354957
guy3_dog081_flipped.jpg,95.0,145.0,0.3408646,99.0,147.0,0.49097243,92.0,147.0,0.5544603,103.0,138.0,0.52435994,83.0,140.0,0.7002854,112.0,121.0,0.6433288,71.0,124.0,0.53382003,124.0,148.0,0.8085754,69.0,157.0,0.5939669,132.0,175.0,0.7446214,77.0,180.0,0.56663084,88.0,60.0,0.8067214,66.0,63.0,0.79386246,93.0,100.0,0.5153686,71.0,106.0,0.5429877,88.0,124.0,0.2033146,70.0,127.0,0.2307939
guy3_dog082.jpg,161.0,144.0,0.41182563,164.0,147.0,0.5467053,157.0,147.0,0.47574946,171.0,140.0,0.54454076,153.0,141.0,0.474708,185.0,129.0,0.46286064,145.0,124.0,0.55479556,187.0,158.0,0.72990596,130.0,150.0,0.77121794,178.0,181.0,0.8081227,123.0,178.0,0.8637292,191.0,64.0,0.8953031,168.0,62.0,0.8208877,191.0,104.0,0.55789405,169.0,100.0,0.3977725,190.0,136.0,0.46025273,168.0,125.0,0.17863376
guy3_dog082_flipped.jpg,94.0,145.0,0.3719941,98.0,147.0,0.5337202,91.0,148.0,0.44285426,102.0,138.0,0.5651829,82.0,141.0,0.65870494,111.0,121.0,0.75452554,70.0,125.0,0.4994926,124.0,150.0,0.79481304,68.0,158.0,0.5664749,132.0,177.0,0.77084166,77.0,182.0,0.82756686,88.0,61.0,0.8111023,64.0,64.0,0.771429,93.0,102.0,0.64814293,68.0,109.0,0.429835,88.0,125.0,0.19512871,66.0,130.0,0.20847593
guy3_dog083.jpg,160.0,144.0,0.44255403,164.0,148.0,0.5518102,155.0,147.0,0.6115011,173.0,141.0,0.6156714,151.0,140.0,0.46025342,186.0,125.0,0.56434846,145.0,121.0,0.5397638,187.0,157.0,0.75908005,130.0,148.0,0.8241414,176.0,184.0,0.7849573,122.0,177.0,0.80941284,192.0,61.0,0.8180075,170.0,60.0,0.80853534,195.0,102.0,0.45647693,176.0,102.0,0.36411455,195.0,135.0,0.3965258,181.0,128.0,0.24106015
guy3_dog083_flipped.jpg,91.0,146.0,0.38442358,96.0,148.0,0.40000775,89.0,148.0,0.57417643,100.0,140.0,0.5140189,82.0,142.0,0.65788317,110.0,121.0,0.70530283,69.0,126.0,0.516924,123.0,149.0,0.7976872,68.0,158.0,0.59976965,133.0,176.0,0.6317463,76.0,178.0,0.53954357,86.0,60.0,0.79392415,63.0,63.0,0.692672,90.0,99.0,0.33751473,63.0,105.0,0.4049001,83.0,128.0,0.1812532,60.0,135.0,0.55943304
guy3_dog084.jpg,159.0,145.0,0.4610764,164.0,149.0,0.61013687,155.0,147.0,0.64393455,173.0,141.0,0.6093088,150.0,140.0,0.4564265,187.0,127.0,0.415596,145.0,122.0,0.5315062,187.0,158.0,0.78064615,130.0,150.0,0.90679103,177.0,185.0,0.818231,122.0,177.0,0.8863581,193.0,61.0,0.84651685,172.0,60.0,0.77004975,197.0,105.0,0.5880822,177.0,100.0,0.38139924,199.0,135.0,0.5325393,185.0,130.0,0.21302243
guy3_dog084_flipped.jpg,92.0,146.0,0.41172886,97.0,149.0,0.39794368,90.0,149.0,0.5816249,101.0,140.0,0.5372914,82.0,143.0,0.68746185,110.0,122.0,0.8343994,69.0,127.0,0.59294766,122.0,150.0,0.8620433,68.0,159.0,0.7318985,132.0,176.0,0.46083176,75.0,176.0,0.29955405,83.0,61.0,0.8306243,61.0,64.0,0.7426926,87.0,103.0,0.46200737,61.0,108.0,0.55578893,80.0,133.0,0.21129043,57.0,138.0,0.5450425
guy3_dog085.jpg,160.0,146.0,0.44126973,163.0,149.0,0.5785792,155.0,149.0,0.6175271,172.0,141.0,0.63461876,150.0,141.0,0.6665129,186.0,128.0,0.5064507,144.0,122.0,0.49153864,186.0,159.0,0.7677186,129.0,151.0,0.9168695,176.0,187.0,0.6606256,122.0,178.0,0.8929386,194.0,59.0,0.83421016,173.0,58.0,0.8257413,200.0,105.0,0.5964484,179.0,102.0,0.48758414,201.0,139.0,0.5359235,196.0,136.0,0.4882548
guy3_dog085_flipped.jpg,92.0,147.0,0.33595225,97.0,149.0,0.5600558,91.0,150.0,0.4430418,102.0,140.0,0.5150071,82.0,143.0,0.5652673,109.0,122.0,0.8096903,68.0,128.0,0.47466788,124.0,151.0,0.866061,68.0,160.0,0.84116817,132.0,178.0,0.56099534,77.0,180.0,0.30746773,81.0,62.0,0.80868053,59.0,63.0,0.7287352,84.0,102.0,0.4510333,57.0,107.0,0.6409236,77.0,131.0,0.17128257,55.0,138.0,0.5596146
guy3_dog086.jpg,159.0,146.0,0.40345392,163.0,149.0,0.5509795,155.0,149.0,0.5501988,172.0,142.0,0.5745163,150.0,141.0,0.61536217,185.0,127.0,0.49203938,145.0,122.0,0.4223521,186.0,159.0,0.7851158,129.0,151.0,0.8688103,175.0,186.0,0.66647243,121.0,177.0,0.7932197,193.0,60.0,0.7761896,172.0,61.0,0.76778716,200.0,104.0,0.6208935,179.0,102.0,0.43656307,202.0,139.0,0.49039805,198.0,137.0,0.48173577
guy3_dog086_flipped.jpg,92.0,147.0,0.36947817,97.0,149.0,0.40703416,91.0,150.0,0.48929814,103.0,139.0,0.43912944,82.0,142.0,0.60998404,110.0,122.0,0.7958481,67.0,127.0,0.52504253,124.0,150.0,0.813143,68.0,161.0,0.828683,134.0,178.0,0.7865117,77.0,183.0,0.6431508,80.0,63.0,0.7801363,57.0,65.0,0.54738873,83.0,102.0,0.36678764,58.0,108.0,0.653533,76.0,125.0,0.16231567,54.0,139.0,0.49418247
guy3_dog087.jpg,159.0,145.0,0.42702246,163.0,149.0,0.51588106,155.0,149.0,0.5783659,171.0,141.0,0.64932525,150.0,141.0,0.6611976,183.0,127.0,0.59602976,145.0,122.0,0.4966302,185.0,161.0,0.5441277,129.0,153.0,0.8278806,173.0,188.0,0.7556488,120.0,179.0,0.68451875,195.0,62.0,0.7866756,174.0,61.0,0.84471166,201.0,105.0,0.6923639,183.0,107.0,0.477996,203.0,140.0,0.6248399,199.0,137.0,0.4993705
guy3_dog087_flipped.jpg,94.0,150.0,0.43570244,98.0,151.0,0.59214765,92.0,152.0,0.42539462,104.0,141.0,0.6175539,83.0,143.0,0.65166354,109.0,123.0,0.7780192,68.0,127.0,0.6480706,123.0,151.0,0.8601511,69.0,161.0,0.7517216,135.0,177.0,0.5725012,75.0,178.0,0.30513334,80.0,63.0,0.8490205,56.0,65.0,0.73312145,84.0,104.0,0.41017386,56.0,111.0,0.7295501,74.0,128.0,0.12478481,53.0,141.0,0.5463126
guy3_dog088.jpg,159.0,146.0,0.42619267,162.0,149.0,0.50518125,155.0,149.0,0.5806299,171.0,142.0,0.5867177,150.0,142.0,0.6755935,184.0,128.0,0.5688558,146.0,121.0,0.6747205,185.0,161.0,0.85817766,129.0,151.0,0.8866457,173.0,188.0,0.8143426,120.0,178.0,0.8322956,196.0,61.0,0.9174392,174.0,61.0,0.8483205,202.0,105.0,0.805222,183.0,104.0,0.5008642,205.0,140.0,0.534063,199.0,137.0,0.53682566
guy3_dog088_flipped.jpg,93.0,148.0,0.38324904,98.0,150.0,0.57460773,92.0,150.0,0.4084686,104.0,140.0,0.6313916,83.0,143.0,0.66798437,109.0,123.0,0.6742201,66.0,127.0,0.6844661,124.0,151.0,0.8956927,69.0,161.0,0.8243715,136.0,179.0,0.54031944,78.0,181.0,0.55666685,78.0,62.0,0.7492806,56.0,64.0,0.7395606,82.0,99.0,0.45290563,54.0,108.0,0.6619197,72.0,121.0,0.16143571,52.0,140.0,0.5772598
guy3_dog089.jpg,159.0,147.0,0.44631514,162.0,150.0,0.5290519,154.0,150.0,0.5349736,171.0,142.0,0.685685,150.0,142.0,0.68403995,184.0,129.0,0.6465813,145.0,122.0,0.48106512,185.0,162.0,0.8921335,128.0,152.0,0.6953726,172.0,189.0,0.7995704,117.0,179.0,0.7652849,198.0,61.0,0.83893096,175.0,59.0,0.8379807,204.0,105.0,0.65998256,186.0,103.0,0.41915736,206.0,142.0,0.6258407,201.0,138.0,0.48069784
guy3_dog089_flipped.jpg,94.0,148.0,0.4722246,99.0,149.0,0.4763782,93.0,150.0,0.62420297,104.0,140.0,0.62674314,84.0,143.0,0.6612739,108.0,123.0,0.5919745,66.0,129.0,0.62123036,124.0,151.0,0.84863514,70.0,160.0,0.6428784,137.0,179.0,0.75481296,79.0,182.0,0.53402495,77.0,61.0,0.8188261,55.0,64.0,0.79573375,80.0,98.0,0.44852287,53.0,106.0,0.72821915,72.0,120.0,0.12960784,51.0,140.0,0.56778324
guy3_dog090.jpg,158.0,146.0,0.4006452,161.0,150.0,0.57773757,153.0,149.0,0.42935598,170.0,141.0,0.69588196,149.0,141.0,0.678193,184.0,130.0,0.7213423,144.0,122.0,0.5254692,183.0,162.0,0.8941179,127.0,153.0,0.8987456,170.0,189.0,0.8161595,117.0,179.0,0.6815387,201.0,60.0,0.9051912,177.0,59.0,0.8623518,205.0,105.0,0.7513459,186.0,104.0,0.51481634,207.0,143.0,0.5769395,201.0,139.0,0.4280302
guy3_dog090_flipped.jpg,94.0,148.0,0.37592754,100.0,150.0,0.5768709,93.0,151.0,0.48338938,103.0,141.0,0.5993823,83.0,144.0,0.48917127,109.0,121.0,0.82948315,68.0,127.0,0.60933423,125.0,152.0,0.8492314,70.0,164.0,0.8470767,139.0,179.0,0.77578074,85.0,190.0,0.61858034,77.0,58.0,0.80096555,53.0,62.0,0.803048,74.0,103.0,0.53339064,51.0,108.0,0.76872957,52.0,136.0,0.39415658,48.0,141.0,0.66400003
guy3_dog091.jpg,158.0,146.0,0.3716123,161.0,150.0,0.5777475,153.0,149.0,0.49092314,169.0,141.0,0.64029765,149.0,141.0,0.64921975,183.0,128.0,0.64400584,144.0,121.0,0.55126023,183.0,162.0,0.75050056,127.0,153.0,0.85786724,169.0,189.0,0.86898136,116.0,179.0,0.6535956,201.0,61.0,0.9119457,177.0,59.0,0.8626083,205.0,106.0,0.74341047,184.0,104.0,0.5194088,209.0,141.0,0.65599644,202.0,139.0,0.45260388
guy3_dog092.jpg,159.0,146.0,0.41910243,161.0,149.0,0.5875629,153.0,149.0,0.44882408,169.0,141.0,0.6187376,148.0,142.0,0.60059375,182.0,129.0,0.6919061,144.0,122.0,0.5913055,181.0,162.0,0.9081069,125.0,152.0,0.87726474,166.0,190.0,0.73263687,114.0,179.0,0.6776469,200.0,60.0,0.86309224,176.0,60.0,0.8618156,205.0,105.0,0.7652623,187.0,104.0,0.4228849,209.0,144.0,0.65291595,198.0,141.0,0.3438946
guy3_dog092_flipped.jpg,96.0,150.0,0.4471976,101.0,152.0,0.49276662,95.0,152.0,0.5767583,105.0,141.0,0.56194496,85.0,143.0,0.62447,109.0,122.0,0.7305653,68.0,127.0,0.4246432,127.0,151.0,0.70474494,73.0,163.0,0.75953645,141.0,179.0,0.7190988,84.0,181.0,0.28346768,78.0,61.0,0.9023155,53.0,63.0,0.8165096,76.0,104.0,0.566406,50.0,111.0,0.7555595,58.0,140.0,0.33782446,47.0,145.0,0.6655298
guy3_dog093.jpg,158.0,146.0,0.36046544,161.0,149.0,0.5748536,153.0,149.0,0.45225963,168.0,141.0,0.5856821,148.0,141.0,0.61213577,182.0,131.0,0.50425833,144.0,121.0,0.617483,181.0,162.0,0.7226584,125.0,152.0,0.8666305,165.0,191.0,0.79860145,114.0,178.0,0.825542,202.0,59.0,0.8784621,177.0,59.0,0.719391,207.0,108.0,0.580247,188.0,105.0,0.49314785,210.0,145.0,0.55163133,201.0,140.0,0.5434122
guy3_dog093_flipped.jpg,98.0,151.0,0.45458135,102.0,153.0,0.43908787,96.0,153.0,0.3905778,106.0,143.0,0.5409569,86.0,144.0,0.6516975,111.0,123.0,0.59451795,69.0,126.0,0.6687126,128.0,153.0,0.84778565,73.0,163.0,0.8084792,142.0,179.0,0.6649455,83.0,181.0,0.3248862,76.0,62.0,0.8802748,52.0,64.0,0.8163478,74.0,109.0,0.45452425,48.0,111.0,0.79924095,65.0,141.0,0.3488839,44.0,147.0,0.7322179
guy3_dog094.jpg,158.0,146.0,0.35537973,160.0,150.0,0.57894504,152.0,149.0,0.50617415,167.0,141.0,0.55819285,147.0,142.0,0.5130078,180.0,131.0,0.5424998,142.0,121.0,0.60944927,180.0,163.0,0.74765044,124.0,152.0,0.8610794,163.0,191.0,0.787912,112.0,178.0,0.7202338,202.0,59.0,0.83399457,178.0,59.0,0.7231472,207.0,108.0,0.61785483,189.0,105.0,0.50123847,210.0,144.0,0.58662915,203.0,141.0,0.54905784
guy3_dog094_flipped.jpg,98.0,151.0,0.45218244,102.0,154.0,0.5113295,96.0,154.0,0.47363362,108.0,143.0,0.55462855,85.0,145.0,0.5771644,111.0,123.0,0.8273183,70.0,128.0,0.6447528,130.0,152.0,0.88324976,75.0,163.0,0.8491717,142.0,178.0,0.696162,83.0,178.0,0.24098518,75.0,61.0,0.84649867,53.0,63.0,0.7613326,74.0,107.0,0.56684726,47.0,113.0,0.83547467,66.0,141.0,0.32568845,45.0,146.0,0.6464467
guy3_dog095.jpg,156.0,145.0,0.43180236,159.0,149.0,0.50061345,150.0,149.0,0.5382252,166.0,141.0,0.6707959,145.0,142.0,0.6511484,180.0,131.0,0.5343182,141.0,122.0,0.6909921,178.0,163.0,0.8865495,123.0,151.0,0.89132917,161.0,191.0,0.8561075,110.0,179.0,0.67544353,202.0,59.0,0.723408,178.0,59.0,0.73566914,208.0,108.0,0.7899651,190.0,106.0,0.43964267,212.0,144.0,0.6440457,203.0,141.0,0.54010046
guy3_dog095_flipped.jpg,99.0,151.0,0.3617933,104.0,153.0,0.5235651,97.0,153.0,0.5816742,108.0,143.0,0.62972635,88.0,145.0,0.6535385,112.0,123.0,0.88807195,71.0,126.0,0.58990943,130.0,152.0,0.9053446,76.0,163.0,0.7761586,146.0,180.0,0.6115365,87.0,181.0,0.2971127,74.0,61.0,0.8173396,53.0,63.0,0.7969924,73.0,107.0,0.583473,47.0,111.0,0.7766545,53.0,143.0,0.4931753,43.0,147.0,0.7745949
guy3_dog096.jpg,155.0,145.0,0.38940242,157.0,149.0,0.5154683,149.0,149.0,0.46838042,164.0,142.0,0.6733557,144.0,141.0,0.62665564,178.0,128.0,0.7066562,139.0,121.0,0.7569934,177.0,162.0,0.78445166,122.0,151.0,0.8998203,159.0,189.0,0.8389753,108.0,180.0,0.59032285,202.0,59.0,0.86317086,179.0,59.0,0.79109967,208.0,110.0,0.6289623,192.0,108.0,0.4532609,213.0,145.0,0.5599703,202.0,142.0,0.50127304
guy3_dog096_flipped.jpg,100.0,151.0,0.4074156,105.0,153.0,0.590503,98.0,154.0,0.570348,109.0,143.0,0.52769506,87.0,145.0,0.65919805,115.0,122.0,0.7872821,71.0,125.0,0.53287005,134.0,154.0,0.74744695,77.0,161.0,0.7762314,147.0,177.0,0.7362847,87.0,177.0,0.19014587,75.0,61.0,0.91614395,53.0,64.0,0.8863931,71.0,108.0,0.5117667,46.0,112.0,0.7316054,52.0,143.0,0.5961289,40.0,147.0,0.759084
guy3_dog097.jpg,155.0,145.0,0.358682,156.0,149.0,0.5433565,147.0,148.0,0.5791677,163.0,142.0,0.6968893,143.0,141.0,0.49347588,176.0,128.0,0.7079666,139.0,120.0,0.6013828,175.0,163.0,0.815522,121.0,151.0,0.85476285,157.0,190.0,0.9115753,106.0,179.0,0.81486225,202.0,60.0,0.76078326,180.0,60.0,0.8314046,208.0,111.0,0.7457045,194.0,111.0,0.53285885,213.0,145.0,0.55148405,203.0,143.0,0.60233605
guy3_dog097_flipped.jpg,100.0,151.0,0.3548038,105.0,153.0,0.5831334,99.0,154.0,0.35292828,108.0,142.0,0.5859709,89.0,144.0,0.5465218,115.0,121.0,0.8118167,74.0,126.0,0.6382209,136.0,152.0,0.868889,78.0,161.0,0.5789114,149.0,177.0,0.8384041,88.0,178.0,0.20521629,75.0,58.0,0.81231046,53.0,63.0,0.8231338,68.0,109.0,0.59860754,46.0,113.0,0.8559252,52.0,143.0,0.6136818,41.0,147.0,0.79182446
guy3_dog098.jpg,152.0,146.0,0.37423718,154.0,151.0,0.4375435,146.0,150.0,0.4250892,162.0,143.0,0.70178735,141.0,141.0,0.6646687,175.0,129.0,0.79119503,138.0,120.0,0.6734479,174.0,164.0,0.8357346,118.0,152.0,0.68241274,154.0,190.0,0.7522278,104.0,178.0,0.78246295,201.0,60.0,0.7328187,179.0,59.0,0.7589932,208.0,112.0,0.83875716,191.0,110.0,0.5725794,213.0,147.0,0.5602733,203.0,144.0,0.63360405
guy3_dog098_flipped.jpg,101.0,152.0,0.35162306,107.0,154.0,0.54313475,100.0,154.0,0.5763668,110.0,143.0,0.54689914,91.0,145.0,0.63400626,117.0,122.0,0.83062387,75.0,127.0,0.6496757,136.0,151.0,0.9164994,80.0,164.0,0.8337931,151.0,180.0,0.7535975,90.0,179.0,0.24305895,75.0,59.0,0.8707601,53.0,63.0,0.8393451,69.0,111.0,0.60429096,45.0,113.0,0.8506278,51.0,144.0,0.6295096,39.0,149.0,0.78558755
guy3_dog099.jpg,153.0,148.0,0.36631155,154.0,152.0,0.50755626,146.0,152.0,0.45687452,161.0,143.0,0.651061,139.0,142.0,0.6566467,174.0,127.0,0.61381936,136.0,120.0,0.75535,173.0,164.0,0.82183975,118.0,152.0,0.828408,160.0,180.0,0.5372813,103.0,180.0,0.75010526,200.0,61.0,0.9258582,178.0,58.0,0.8373197,208.0,112.0,0.6889003,186.0,108.0,0.5465201,212.0,148.0,0.58996224,202.0,146.0,0.4214712
guy3_dog099_flipped.jpg,102.0,149.0,0.43118212,107.0,151.0,0.41811454,101.0,151.0,0.46543944,112.0,141.0,0.57662296,94.0,143.0,0.7015387,119.0,121.0,0.8607081,78.0,126.0,0.61450815,138.0,152.0,0.8680991,82.0,162.0,0.8433925,153.0,178.0,0.7472445,92.0,178.0,0.20560862,77.0,59.0,0.8281013,54.0,62.0,0.77493316,70.0,112.0,0.6532146,47.0,113.0,0.85092247,53.0,143.0,0.62083167,40.0,148.0,0.79543877
guy3_dog100.jpg,150.0,145.0,0.3645056,151.0,149.0,0.39655194,143.0,149.0,0.4011178,157.0,140.0,0.66195166,137.0,140.0,0.4866827,172.0,126.0,0.63107514,134.0,120.0,0.7927889,170.0,163.0,0.88526833,115.0,151.0,0.7931694,157.0,179.0,0.58629316,100.0,179.0,0.7777542,198.0,62.0,0.89359534,177.0,59.0,0.8543215,207.0,112.0,0.86792314,187.0,111.0,0.56912,213.0,147.0,0.688931,203.0,146.0,0.45672736
guy3_dog100_flipped.jpg,103.0,145.0,0.43955344,108.0,148.0,0.45452008,103.0,148.0,0.4848504,114.0,140.0,0.5731458,96.0,140.0,0.6712445,121.0,118.0,0.6976752,81.0,124.0,0.6277669,140.0,152.0,0.805351,84.0,161.0,0.7196559,155.0,178.0,0.7677294,96.0,181.0,0.17807622,78.0,59.0,0.82818544,55.0,63.0,0.7869953,68.0,112.0,0.6494555,47.0,114.0,0.79024863,52.0,143.0,0.60262,40.0,147.0,0.57853025
guy3_dog101.jpg,147.0,142.0,0.37842947,147.0,146.0,0.33881354,140.0,146.0,0.3309656,154.0,137.0,0.7013623,132.0,137.0,0.5626949,169.0,123.0,0.63035035,131.0,117.0,0.74882513,169.0,161.0,0.85312223,113.0,151.0,0.55383795,157.0,175.0,0.3167932,100.0,174.0,0.57481325,198.0,62.0,0.90876234,177.0,59.0,0.87728083,206.0,113.0,0.9232809,188.0,112.0,0.69613445,214.0,148.0,0.653867,205.0,148.0,0.5348392
guy3_dog102.jpg,141.0,145.0,0.27129182,142.0,147.0,0.3853812,133.0,148.0,0.42332327,150.0,137.0,0.67669606,128.0,137.0,0.42448628,166.0,122.0,0.68259215,127.0,116.0,0.5826295,167.0,160.0,0.90112466,111.0,151.0,0.7387365,156.0,173.0,0.31240484,100.0,172.0,0.3541858,199.0,61.0,0.84410644,178.0,57.0,0.7470139,205.0,112.0,0.87741697,184.0,111.0,0.6622571,215.0,147.0,0.6325798,206.0,146.0,0.57411635
guy3_dog102_flipped.jpg,116.0,145.0,0.35133386,121.0,147.0,0.45203924,115.0,146.0,0.42740816,124.0,135.0,0.4651365,106.0,135.0,0.5354841,126.0,114.0,0.6333055,88.0,119.0,0.71545017,143.0,149.0,0.7260085,90.0,160.0,0.868122,152.0,167.0,0.3431875,92.0,165.0,0.11691785,79.0,59.0,0.88591015,57.0,62.0,0.8335095,66.0,113.0,0.6023365,49.0,115.0,0.6690267,50.0,145.0,0.8282484,39.0,148.0,0.74009335
guy3_dog103.jpg,139.0,144.0,0.2798657,139.0,146.0,0.38867092,133.0,147.0,0.34820265,143.0,135.0,0.57654035,125.0,134.0,0.50868046,164.0,118.0,0.6549425,125.0,114.0,0.6755469,164.0,160.0,0.8821904,110.0,149.0,0.5498299,160.0,166.0,0.17341316,101.0,167.0,0.26420033,195.0,61.0,0.69205534,173.0,58.0,0.69199765,204.0,113.0,0.8443557,185.0,112.0,0.4833568,215.0,146.0,0.62950265,205.0,145.0,0.6798669
guy3_dog103_flipped.jpg,118.0,144.0,0.4516786,123.0,145.0,0.44752678,118.0,145.0,0.62420905,126.0,133.0,0.3774354,110.0,134.0,0.65217143,129.0,113.0,0.74848306,90.0,117.0,0.8168936,146.0,151.0,0.53602165,92.0,160.0,0.9078486,153.0,168.0,0.3562146,96.0,165.0,0.10546552,80.0,59.0,0.80833954,58.0,62.0,0.8104471,68.0,113.0,0.626482,50.0,116.0,0.6922968,50.0,144.0,0.777803,40.0,148.0,0.7763308
guy3_dog104.jpg,137.0,141.0,0.38494813,137.0,142.0,0.47493193,132.0,143.0,0.34184185,139.0,131.0,0.50702375,125.0,131.0,0.4636317,160.0,118.0,0.64501476,124.0,111.0,0.78036714,160.0,159.0,0.89718443,109.0,147.0,0.6226218,155.0,166.0,0.19041972,98.0,167.0,0.41479537,193.0,61.0,0.79188883,171.0,58.0,0.79113746,202.0,114.0,0.80824554,182.0,111.0,0.70298487,215.0,147.0,0.7879099,205.0,145.0,0.69249487
guy3_dog105.jpg,132.0,141.0,0.42536795,131.0,141.0,0.53034294,128.0,142.0,0.41841647,134.0,128.0,0.55742437,121.0,128.0,0.5809716,158.0,114.0,0.8257817,122.0,108.0,0.7181574,158.0,157.0,0.83041954,113.0,143.0,0.28394625,154.0,162.0,0.41366273,96.0,164.0,0.32627088,191.0,62.0,0.763141,170.0,59.0,0.7530126,200.0,114.0,0.8603129,181.0,113.0,0.7446308,215.0,146.0,0.73461676,206.0,145.0,0.7501932
guy3_dog106_flipped.jpg,125.0,138.0,0.60937,131.0,138.0,0.62414294,127.0,138.0,0.70467234,136.0,127.0,0.51804566,124.0,125.0,0.65740377,139.0,107.0,0.6790942,101.0,109.0,0.6794447,151.0,146.0,0.7392896,101.0,155.0,0.83739406,166.0,178.0,0.6247711,115.0,180.0,0.14267212,87.0,61.0,0.7763127,64.0,64.0,0.90309966,73.0,116.0,0.58884823,55.0,116.0,0.60158134,54.0,143.0,0.38528568,42.0,149.0,0.6811552
guy3_dog107.jpg,120.0,140.0,0.5292028,119.0,139.0,0.67778224,114.0,139.0,0.4472812,124.0,125.0,0.4790721,111.0,124.0,0.6948805,149.0,111.0,0.7341033,111.0,105.0,0.7338501,151.0,155.0,0.85772794,100.0,143.0,0.65458214,135.0,183.0,0.42971197,87.0,178.0,0.76746637,188.0,61.0,0.93386185,165.0,56.0,0.7981197,197.0,114.0,0.8548962,180.0,114.0,0.8202555,214.0,146.0,0.85376495,205.0,144.0,0.7025733
guy3_dog107_flipped.jpg,133.0,136.0,0.45699078,138.0,136.0,0.6657138,134.0,136.0,0.7158414,143.0,122.0,0.60950094,131.0,122.0,0.6916449,144.0,104.0,0.76120156,107.0,108.0,0.68704903,155.0,145.0,0.8067158,106.0,154.0,0.88630134,170.0,178.0,0.86060894,122.0,186.0,0.4463265,92.0,65.0,0.6638514,67.0,67.0,0.86259115,75.0,116.0,0.64656055,56.0,116.0,0.7136469,50.0,146.0,0.6900661,42.0,150.0,0.8352751
guy3_dog108.jpg,114.0,137.0,0.59048116,113.0,136.0,0.7133317,109.0,136.0,0.54835176,118.0,121.0,0.7797061,105.0,122.0,0.51307356,142.0,108.0,0.7117833,105.0,102.0,0.75556576,147.0,153.0,0.81235987,97.0,143.0,0.7859118,132.0,183.0,0.24399187,84.0,178.0,0.81333816,182.0,64.0,0.8461226,158.0,60.0,0.86913776,195.0,114.0,0.7881971,178.0,115.0,0.7609931,213.0,148.0,0.75663626,203.0,145.0,0.7141204
guy3_dog108_flipped.jpg,139.0,135.0,0.6081632,145.0,135.0,0.70347047,141.0,134.0,0.6167232,149.0,122.0,0.6110705,137.0,120.0,0.75664055,148.0,103.0,0.7572191,112.0,107.0,0.7700887,158.0,144.0,0.8108922,109.0,152.0,0.7584867,172.0,178.0,0.88121897,124.0,187.0,0.40785906,96.0,65.0,0.72109234,71.0,66.0,0.86965066,76.0,115.0,0.74799657,59.0,116.0,0.9145018,52.0,141.0,0.54359293,42.0,147.0,0.8159071
guy3_dog109.jpg,107.0,137.0,0.64198637,105.0,135.0,0.564405,102.0,135.0,0.57253766,111.0,120.0,0.7135723,100.0,121.0,0.41549078,139.0,105.0,0.7306491,101.0,103.0,0.46476454,143.0,152.0,0.8641715,94.0,141.0,0.71198905,125.0,189.0,0.81485397,82.0,177.0,0.9065758,177.0,62.0,0.663111,156.0,59.0,0.8261411,194.0,115.0,0.58297765,177.0,117.0,0.66942537,212.0,146.0,0.74198604,203.0,146.0,0.6067712
guy3_dog109_flipped.jpg,145.0,135.0,0.57422566,150.0,134.0,0.7447871,147.0,133.0,0.7295702,153.0,121.0,0.54477715,143.0,119.0,0.7868625,152.0,101.0,0.71718943,116.0,105.0,0.70358795,159.0,142.0,0.784238,113.0,152.0,0.7835081,172.0,177.0,0.84330195,129.0,186.0,0.46637526,98.0,65.0,0.7600498,75.0,66.0,0.8017794,79.0,116.0,0.6917017,59.0,116.0,0.8395602,51.0,143.0,0.6177598,42.0,146.0,0.83772
guy3_dog110.jpg,102.0,136.0,0.5432813,100.0,134.0,0.7324793,97.0,134.0,0.50354564,106.0,119.0,0.6516328,96.0,120.0,0.5447402,133.0,104.0,0.62086535,97.0,100.0,0.5394821,139.0,150.0,0.82779807,92.0,142.0,0.55150294,122.0,189.0,0.7284796,80.0,177.0,0.8502512,174.0,63.0,0.74577296,152.0,62.0,0.74656963,192.0,116.0,0.7350137,174.0,117.0,0.64794475,211.0,146.0,0.7672757,201.0,146.0,0.53310597
guy3_dog110_flipped.jpg,150.0,134.0,0.7182702,155.0,133.0,0.6409269,152.0,132.0,0.69369036,157.0,118.0,0.6087755,148.0,117.0,0.5980528,155.0,99.0,0.7718233,120.0,104.0,0.6073061,163.0,141.0,0.85206294,116.0,150.0,0.90477437,175.0,177.0,0.8015069,133.0,188.0,0.8213217,99.0,66.0,0.6536038,77.0,68.0,0.78786516,80.0,118.0,0.7680464,62.0,116.0,0.88375026,51.0,145.0,0.7146324,43.0,147.0,0.74731016
guy3_dog111.jpg,96.0,134.0,0.43655437,95.0,132.0,0.5250577,92.0,132.0,0.6824937,101.0,117.0,0.7567786,91.0,118.0,0.4700788,129.0,105.0,0.7025452,93.0,100.0,0.5987541,134.0,150.0,0.80988425,89.0,142.0,0.73546815,118.0,188.0,0.67925394,80.0,177.0,0.66372216,172.0,64.0,0.70107615,150.0,64.0,0.50940096,188.0,119.0,0.7607772,172.0,119.0,0.5907626,210.0,147.0,0.76010054,201.0,147.0,0.6439947
guy3_dog111_flipped.jpg,156.0,133.0,0.71864605,161.0,131.0,0.6835382,158.0,131.0,0.6062157,162.0,117.0,0.6691659,153.0,117.0,0.82132053,159.0,100.0,0.7736437,125.0,104.0,0.66661286,164.0,141.0,0.8084525,119.0,150.0,0.777439,177.0,177.0,0.8366852,134.0,187.0,0.7568002,103.0,64.0,0.7380926,80.0,66.0,0.7532603,83.0,120.0,0.7173511,66.0,119.0,0.8347216,52.0,144.0,0.72896063,44.0,148.0,0.7382107
guy3_dog112.jpg,92.0,133.0,0.48225102,90.0,131.0,0.6454728,87.0,131.0,0.59823096,97.0,115.0,0.67653334,88.0,116.0,0.5787956,125.0,104.0,0.7421597,90.0,100.0,0.70652854,131.0,150.0,0.8419663,87.0,144.0,0.762905,117.0,188.0,0.79359555,77.0,177.0,0.89672875,170.0,64.0,0.7408086,148.0,62.0,0.7707079,186.0,120.0,0.73775107,171.0,121.0,0.7455243,209.0,150.0,0.64824617,202.0,147.0,0.680412
guy3_dog112_flipped.jpg,160.0,131.0,0.59427524,166.0,129.0,0.730723,162.0,128.0,0.7525642,166.0,115.0,0.6153878,157.0,115.0,0.7970983,161.0,99.0,0.7460747,129.0,102.0,0.6025959,167.0,144.0,0.7252922,123.0,149.0,0.6509035,177.0,176.0,0.776453,137.0,187.0,0.77053666,105.0,66.0,0.6343869,81.0,68.0,0.7772132,85.0,121.0,0.54661465,68.0,121.0,0.83533573,53.0,145.0,0.60111785,46.0,148.0,0.74247134
guy3_dog113.jpg,87.0,131.0,0.380941,84.0,129.0,0.5865618,82.0,130.0,0.5794835,91.0,113.0,0.57038057,83.0,116.0,0.36129978,122.0,104.0,0.5289159,88.0,99.0,0.44521695,127.0,149.0,0.66717553,84.0,145.0,0.4757912,116.0,188.0,0.5024779,77.0,177.0,0.7464279,169.0,68.0,0.70229864,147.0,64.0,0.6878661,181.0,123.0,0.5914065,166.0,123.0,0.5029561,207.0,149.0,0.66056454,205.0,147.0,0.42471108
guy3_dog113_flipped.jpg,165.0,131.0,0.60675514,171.0,129.0,0.5969553,168.0,128.0,0.6340291,171.0,114.0,0.4893186,162.0,114.0,0.80481005,165.0,100.0,0.8118982,132.0,104.0,0.54494584,169.0,143.0,0.83098495,127.0,149.0,0.592842,180.0,176.0,0.8049439,140.0,187.0,0.81704676,106.0,68.0,0.5599941,84.0,70.0,0.77524936,86.0,125.0,0.60371315,71.0,124.0,0.8369317,55.0,142.0,0.5121009,47.0,147.0,0.7451594
guy3_dog114.jpg,83.0,131.0,0.5092895,80.0,128.0,0.55077964,78.0,129.0,0.7149477,87.0,112.0,0.6664577,79.0,114.0,0.42961478,119.0,104.0,0.6834995,84.0,98.0,0.75234896,125.0,149.0,0.8634292,83.0,145.0,0.75081706,113.0,188.0,0.78709775,76.0,176.0,0.747015,168.0,72.0,0.8787854,145.0,69.0,0.6217201,182.0,126.0,0.577844,164.0,127.0,0.72914183,208.0,149.0,0.6391314,200.0,146.0,0.3371769
guy3_dog114_flipped.jpg,169.0,130.0,0.7403469,174.0,128.0,0.7001261,171.0,127.0,0.53974974,174.0,113.0,0.7335788,166.0,112.0,0.78424937,167.0,100.0,0.8392228,135.0,103.0,0.5944587,170.0,143.0,0.75498223,131.0,149.0,0.6684879,180.0,176.0,0.8686769,142.0,187.0,0.8947234,107.0,71.0,0.53056335,87.0,73.0,0.60546565,90.0,128.0,0.5953825,74.0,128.0,0.7564236,58.0,141.0,0.38718095,48.0,147.0,0.86854637
