guy3_warrior043_flipped.jpg,105.0,132.0,0.5480664,108.0,129.0,0.5525684,100.0,129.0,0.4739978,115.0,123.0,0.60370016,96.0,120.0,0.44784737,134.0,117.0,0.3595157,91.0,112.0,0.6804115,163.0,92.0,0.7413702,84.0,85.0,0.841211,145.0,67.0,0.64343095,112.0,94.0,0.84812164,144.0,113.0,0.6597366,117.0,113.0,0.49841377,163.0,93.0,0.7130325,123.0,161.0,0.49596098,166.0,94.0,0.41215596,113.0,94.0,0.20043753
guy3_warrior044.jpg,151.0,138.0,0.726881,154.0,134.0,0.7475743,148.0,133.0,0.7435496,158.0,121.0,0.69813824,140.0,125.0,0.4550158,160.0,115.0,0.65165496,119.0,115.0,0.562846,172.0,87.0,0.732463,93.0,93.0,0.6992012,144.0,94.0,0.50423896,110.0,67.0,0.559706,133.0,127.0,0.47129154,111.0,119.0,0.6315416,133.0,152.0,0.28994173,108.0,119.0,0.1108497,128.0,180.0,0.58873063,109.0,67.0,0.43115845
guy3_warrior044_flipped.jpg,106.0,135.0,0.6275083,109.0,132.0,0.6613711,103.0,132.0,0.7413759,117.0,126.0,0.49785072,99.0,122.0,0.51253474,138.0,116.0,0.6491036,94.0,114.0,0.78264105,163.0,92.0,0.8537104,85.0,86.0,0.8156094,146.0,67.0,0.77007973,113.0,94.0,0.5324373,141.0,114.0,0.6887982,117.0,115.0,0.5234071,128.0,138.0,0.13706791,121.0,151.0,0.45546317,146.0,68.0,0.23183472,93.0,107.0,0.12907885
guy3_warrior045.jpg,149.0,138.0,0.72354114,152.0,134.0,0.6176324,147.0,135.0,0.59068096,154.0,124.0,0.5269674,139.0,127.0,0.42653984,157.0,112.0,0.7164309,118.0,117.0,0.5342432,172.0,88.0,0.573318,94.0,94.0,0.6936126,165.0,102.0,0.25721443,109.0,68.0,0.3554426,136.0,114.0,0.47683364,113.0,112.0,0.54033995,136.0,139.0,0.14989787,108.0,107.0,0.17931554,129.0,172.0,0.3325158,109.0,69.0,0.4868556
guy3_warrior045_flipped.jpg,108.0,135.0,0.18869647,111.0,132.0,0.3262723,105.0,131.0,0.2998912,119.0,125.0,0.2920133,101.0,125.0,0.3823902,135.0,117.0,0.32359782,98.0,116.0,0.25027367,163.0,91.0,0.62033665,83.0,86.0,0.7485688,145.0,69.0,0.45475832,104.0,89.0,0.34197944,138.0,110.0,0.13904746,111.0,107.0,0.16157983,163.0,95.0,0.1776756,121.0,155.0,0.26964203,145.0,70.0,0.18704513,130.0,202.0,0.35330138
guy3_warrior048_flipped.jpg,111.0,137.0,0.26397252,114.0,133.0,0.3065341,108.0,133.0,0.33475187,123.0,126.0,0.32891092,104.0,128.0,0.30656505,135.0,118.0,0.48023188,101.0,121.0,0.29367518,161.0,92.0,0.78779215,85.0,88.0,0.69275415,143.0,69.0,0.33625597,90.0,89.0,0.18254687,138.0,114.0,0.11839845,112.0,110.0,0.19783616,162.0,95.0,0.3215254,122.0,152.0,0.26598865,143.0,71.0,0.32353652,130.0,201.0,0.2582759
guy3_warrior049.jpg,143.0,141.0,0.5051839,147.0,136.0,0.39853603,140.0,137.0,0.42999893,151.0,127.0,0.534037,132.0,131.0,0.4829662,155.0,118.0,0.5826739,117.0,120.0,0.49871817,171.0,90.0,0.51419103,93.0,93.0,0.42199743,168.0,87.0,0.22658843,113.0,72.0,0.14252736,148.0,115.0,0.1887175,117.0,116.0,0.3092301,133.0,164.0,0.27253067,131.0,161.0,0.46743652,125.0,202.0,0.59230167,113.0,73.0,0.3361586
guy3_warrior049_flipped.jpg,111.0,140.0,0.65207505,113.0,137.0,0.5254031,107.0,137.0,0.7392868,122.0,132.0,0.6271252,103.0,127.0,0.52069193,137.0,122.0,0.742506,98.0,115.0,0.91435295,162.0,94.0,0.9378232,85.0,90.0,0.82069325,143.0,71.0,0.5823189,110.0,96.0,0.47620282,135.0,118.0,0.51181424,113.0,116.0,0.6296028,126.0,155.0,0.12196449,122.0,152.0,0.37092015,143.0,71.0,0.3748211,109.0,95.0,0.2865646
guy3_warrior050.jpg,144.0,142.0,0.3445783,148.0,138.0,0.5699339,142.0,140.0,0.63236916,151.0,129.0,0.47074002,134.0,133.0,0.48783728,154.0,114.0,0.6875533,117.0,120.0,0.46788353,171.0,90.0,0.5685776,94.0,95.0,0.82585186,144.0,96.0,0.5461931,112.0,72.0,0.536772,138.0,119.0,0.3722926,114.0,120.0,0.3874404,139.0,146.0,0.18885103,132.0,145.0,0.21167202,142.0,97.0,0.1512319,112.0,73.0,0.3509992
guy3_warrior050_flipped.jpg,111.0,140.0,0.63340664,114.0,137.0,0.52183515,108.0,136.0,0.6474652,123.0,132.0,0.46997398,104.0,126.0,0.5815989,137.0,122.0,0.7213459,99.0,114.0,0.89260864,162.0,94.0,0.84791124,86.0,90.0,0.8519601,144.0,73.0,0.4636869,110.0,95.0,0.6481912,135.0,118.0,0.44466949,114.0,116.0,0.64814526,126.0,143.0,0.112122595,120.0,144.0,0.25540528,125.0,164.0,0.21065034,111.0,95.0,0.36705872
guy3_warrior051.jpg,144.0,142.0,0.49643946,147.0,138.0,0.56507707,140.0,140.0,0.5144586,151.0,126.0,0.5245667,131.0,132.0,0.5112709,155.0,115.0,0.6838527,116.0,119.0,0.55372196,172.0,90.0,0.76956093,94.0,95.0,0.8459592,144.0,97.0,0.58215505,114.0,74.0,0.73107964,139.0,115.0,0.32123232,116.0,115.0,0.29560596,142.0,138.0,0.17944613,114.0,103.0,0.10980828,142.0,97.0,0.30240774,113.0,75.0,0.40402344
guy3_warrior051_flipped.jpg,112.0,141.0,0.5833236,115.0,139.0,0.607036,109.0,138.0,0.6912888,124.0,132.0,0.49733108,104.0,128.0,0.56697303,138.0,123.0,0.6658721,98.0,116.0,0.71858555,162.0,94.0,0.8657183,84.0,90.0,0.8548314,142.0,73.0,0.66187686,110.0,96.0,0.5031178,136.0,120.0,0.3224263,113.0,116.0,0.60202575,126.0,150.0,0.104533285,114.0,143.0,0.17999963,142.0,73.0,0.29658428,111.0,96.0,0.2935214
guy3_warrior052_flipped.jpg,113.0,141.0,0.434359,117.0,140.0,0.36629972,110.0,138.0,0.45553833,124.0,132.0,0.6067978,105.0,126.0,0.56897175,137.0,123.0,0.5030241,99.0,116.0,0.85820407,162.0,95.0,0.88969594,84.0,91.0,0.8428568,145.0,79.0,0.36594942,110.0,96.0,0.506919,133.0,117.0,0.26087674,112.0,110.0,0.29652035,126.0,146.0,0.34364828,114.0,101.0,0.18773822,141.0,75.0,0.32879153,110.0,96.0,0.43815508
guy3_warrior054.jpg,143.0,144.0,0.42394242,147.0,139.0,0.25186333,139.0,142.0,0.49649784,149.0,126.0,0.5564586,128.0,133.0,0.5569464,155.0,117.0,0.82833743,116.0,122.0,0.46385264,172.0,92.0,0.5097835,95.0,96.0,0.91122776,148.0,99.0,0.6074967,116.0,79.0,0.5238371,140.0,109.0,0.6525253,121.0,108.0,0.70661855,142.0,100.0,0.19374798,113.0,101.0,0.19611524,145.0,98.0,0.2476463,115.0,79.0,0.63451195
guy3_warrior055_flipped.jpg,117.0,143.0,0.50184447,120.0,141.0,0.39518613,114.0,140.0,0.49951413,127.0,131.0,0.7184689,107.0,130.0,0.45142475,140.0,121.0,0.658229,100.0,118.0,0.8726305,160.0,96.0,0.7197364,83.0,95.0,0.51491225,139.0,79.0,0.61150235,108.0,99.0,0.42823434,133.0,107.0,0.7390727,113.0,106.0,0.7414084,143.0,102.0,0.41940212,112.0,100.0,0.36911145,139.0,79.0,0.42765167,110.0,99.0,0.56092
guy3_warrior056.jpg,140.0,145.0,0.5246155,144.0,142.0,0.6007652,136.0,142.0,0.6024115,150.0,129.0,0.54417324,128.0,132.0,0.61235225,156.0,118.0,0.7072736,115.0,120.0,0.7659958,175.0,93.0,0.5913118,97.0,96.0,0.8422278,163.0,108.0,0.21336213,119.0,81.0,0.5970738,143.0,105.0,0.567886,122.0,107.0,0.51322424,146.0,100.0,0.4336282,118.0,97.0,0.21599299,145.0,98.0,0.24234994,120.0,83.0,0.28131795
guy3_warrior058_flipped.jpg,117.0,145.0,0.35849288,120.0,143.0,0.4323164,113.0,142.0,0.4870222,128.0,134.0,0.41089195,108.0,133.0,0.46867356,141.0,122.0,0.77011967,101.0,122.0,0.706633,157.0,96.0,0.8879096,81.0,96.0,0.79746234,135.0,81.0,0.70585334,106.0,101.0,0.3849933,131.0,109.0,0.33715656,114.0,110.0,0.4287767,136.0,99.0,0.103995115,112.0,147.0,0.22811466,135.0,81.0,0.15798919,107.0,101.0,0.28844175
guy3_warrior062_flipped.jpg,125.0,150.0,0.30568725,127.0,145.0,0.28140107,122.0,149.0,0.4586051,131.0,132.0,0.34823555,115.0,138.0,0.42634195,138.0,120.0,0.2918028,107.0,139.0,0.37057522,153.0,94.0,0.21318625,113.0,175.0,0.44981724,129.0,81.0,0.15299447,117.0,204.0,0.3990901,130.0,108.0,0.13383062,106.0,112.0,0.15834723,153.0,96.0,0.28702113,110.0,158.0,0.10656701,127.0,83.0,0.5171561,124.0,84.0,0.31499392
guy3_warrior063.jpg,137.0,150.0,0.65916526,139.0,148.0,0.5295701,134.0,148.0,0.6923478,147.0,137.0,0.40050584,126.0,134.0,0.5965216,157.0,123.0,0.7253555,115.0,120.0,0.8545321,171.0,108.0,0.631311,104.0,97.0,0.9282645,180.0,100.0,0.20656617,127.0,82.0,0.40977558,147.0,121.0,0.13461556,126.0,112.0,0.22240503,150.0,148.0,0.28207982,129.0,95.0,0.3301506,136.0,90.0,0.24072348,132.0,85.0,0.3090205
guy3_warrior063_flipped.jpg,125.0,151.0,0.32810697,127.0,145.0,0.42310038,122.0,149.0,0.51076,131.0,131.0,0.48507172,111.0,138.0,0.5152682,138.0,122.0,0.66650224,104.0,137.0,0.38813472,152.0,95.0,0.44266078,111.0,176.0,0.50589556,126.0,81.0,0.24805439,116.0,206.0,0.5022073,126.0,105.0,0.18859892,102.0,113.0,0.34773242,152.0,98.0,0.382929,109.0,162.0,0.13629861,124.0,82.0,0.5885794,122.0,84.0,0.3175006
guy3_warrior067.jpg,135.0,149.0,0.5777886,138.0,146.0,0.7092471,132.0,146.0,0.7391169,147.0,135.0,0.4562598,126.0,134.0,0.5681067,158.0,125.0,0.7610163,117.0,119.0,0.8620454,176.0,107.0,0.40251943,106.0,96.0,0.90873253,161.0,104.0,0.24256493,130.0,80.0,0.5497894,153.0,121.0,0.45630857,129.0,117.0,0.46453756,152.0,148.0,0.26772383,135.0,100.0,0.27351978,143.0,88.0,0.225374,130.0,80.0,0.46634442
guy3_warrior067_flipped.jpg,123.0,150.0,0.4009215,127.0,146.0,0.4765953,120.0,149.0,0.5854497,131.0,137.0,0.4962784,110.0,140.0,0.5317334,137.0,121.0,0.57640207,99.0,127.0,0.56165856,149.0,97.0,0.73493004,71.0,99.0,0.783923,126.0,81.0,0.5081414,98.0,104.0,0.11940012,120.0,116.0,0.29552466,99.0,120.0,0.39591157,119.0,104.0,0.16751903,107.0,171.0,0.6171729,125.0,81.0,0.32770732,99.0,105.0,0.34989434
guy3_warrior068_flipped.jpg,125.0,149.0,0.42376074,129.0,143.0,0.53986216,122.0,147.0,0.6140299,132.0,131.0,0.49574235,111.0,139.0,0.43992302,137.0,119.0,0.7774004,97.0,128.0,0.45094556,150.0,96.0,0.79741955,70.0,98.0,0.78638715,125.0,81.0,0.45059654,83.0,110.0,0.15820357,118.0,114.0,0.35966584,96.0,117.0,0.30056947,117.0,104.0,0.14276563,98.0,107.0,0.17620859,115.0,89.0,0.1963715,101.0,94.0,0.14096503
guy3_warrior075_flipped.jpg,125.0,150.0,0.629176,129.0,145.0,0.6926851,121.0,145.0,0.6132132,135.0,131.0,0.6648005,113.0,133.0,0.61086607,140.0,118.0,0.6845795,93.0,125.0,0.556973,145.0,86.0,0.61215377,69.0,93.0,0.79832506,122.0,102.0,0.3434559,86.0,109.0,0.38917992,115.0,105.0,0.65536946,93.0,108.0,0.5060772,120.0,106.0,0.11955928,91.0,116.0,0.1182147,117.0,105.0,0.32644597,90.0,107.0,0.27114373
guy3_warrior078.jpg,129.0,142.0,0.47227636,132.0,141.0,0.4667289,126.0,139.0,0.35335252,141.0,131.0,0.44455895,125.0,131.0,0.35618144,160.0,124.0,0.45450088,124.0,116.0,0.30317587,189.0,97.0,0.42010987,112.0,91.0,0.4684791,172.0,90.0,0.28085807,118.0,106.0,0.17522201,172.0,112.0,0.22688282,159.0,104.0,0.18568067,161.0,170.0,0.27870896,156.0,167.0,0.12971066,161.0,191.0,0.10160498,118.0,109.0,0.15408778
guy3_warrior082_flipped.jpg,129.0,140.0,0.42488173,132.0,136.0,0.45134956,127.0,137.0,0.46959835,135.0,126.0,0.51004124,120.0,126.0,0.5897101,137.0,117.0,0.63963354,96.0,120.0,0.47455552,142.0,102.0,0.3114904,60.0,100.0,0.8212423,142.0,103.0,0.6403657,79.0,109.0,0.15598586,102.0,108.0,0.46109864,84.0,114.0,0.48062024,96.0,173.0,0.25838217,92.0,173.0,0.87191427,77.0,91.0,0.29823065,76.0,92.0,0.37065804
guy3_warrior083.jpg,127.0,138.0,0.44447342,128.0,136.0,0.4041087,123.0,135.0,0.38457465,136.0,127.0,0.45763412,124.0,124.0,0.32174426,158.0,119.0,0.3478037,123.0,115.0,0.28461382,191.0,104.0,0.19914444,116.0,102.0,0.22281554,186.0,101.0,0.36814943,109.0,98.0,0.2757357,174.0,119.0,0.36200294,160.0,118.0,0.10839602,164.0,173.0,0.42672238,160.0,170.0,0.38441718,158.0,218.0,0.5129677,159.0,215.0,0.30102196
guy3_warrior084.jpg,123.0,135.0,0.40101537,124.0,133.0,0.4525789,120.0,133.0,0.38286662,133.0,125.0,0.4127658,123.0,124.0,0.26119557,158.0,121.0,0.36086273,127.0,112.0,0.21882714,191.0,104.0,0.1339182,111.0,97.0,0.31262377,186.0,102.0,0.2885135,108.0,100.0,0.17834458,177.0,117.0,0.23738855,162.0,116.0,0.11449353,165.0,173.0,0.55112827,161.0,169.0,0.38575447,159.0,218.0,0.3856433,160.0,217.0,0.19108169
guy3_warrior084_flipped.jpg,130.0,137.0,0.5862056,133.0,134.0,0.6057906,128.0,133.0,0.4966039,135.0,124.0,0.613183,121.0,124.0,0.6241095,135.0,115.0,0.62024313,95.0,124.0,0.40978962,145.0,100.0,0.56958306,57.0,104.0,0.87606883,146.0,100.0,0.42917162,77.0,118.0,0.11282737,91.0,103.0,0.5470481,72.0,110.0,0.41853085,92.0,169.0,0.39184088,89.0,169.0,0.7477846,96.0,207.0,0.27967718,93.0,207.0,0.48572597
guy3_warrior086_flipped.jpg,131.0,135.0,0.6197232,135.0,131.0,0.5800013,130.0,131.0,0.5531162,132.0,122.0,0.44146016,122.0,121.0,0.5936525,127.0,115.0,0.53547394,100.0,117.0,0.475333,99.0,109.0,0.22744621,56.0,109.0,0.7378175,81.0,109.0,0.19508801,73.0,121.0,0.2279365,88.0,114.0,0.61709225,70.0,115.0,0.439753,90.0,169.0,0.6024669,88.0,167.0,0.5030713,93.0,207.0,0.37201688,92.0,208.0,0.61226296
guy3_warrior088_flipped.jpg,132.0,133.0,0.55363184,137.0,129.0,0.37342602,131.0,128.0,0.37674454,137.0,121.0,0.31017467,122.0,118.0,0.4873413,130.0,115.0,0.2582388,105.0,115.0,0.29501668,102.0,107.0,0.13767943,57.0,115.0,0.6929239,81.0,121.0,0.13008739,75.0,131.0,0.1216436,86.0,116.0,0.45895332,72.0,115.0,0.33491668,89.0,169.0,0.3905658,88.0,169.0,0.61192775,66.0,94.0,0.36287785,91.0,208.0,0.47307718
guy3_warrior089_flipped.jpg,135.0,131.0,0.54613525,140.0,126.0,0.5948975,133.0,125.0,0.54379714,138.0,118.0,0.32489038,123.0,115.0,0.638006,129.0,113.0,0.39719772,98.0,113.0,0.43597382,129.0,115.0,0.10611283,58.0,117.0,0.81047547,137.0,129.0,0.18463199,85.0,137.0,0.298148,88.0,120.0,0.4485014,70.0,121.0,0.36454806,89.0,169.0,0.34326965,87.0,169.0,0.6425048,91.0,210.0,0.24012765,91.0,211.0,0.5246544
guy3_warrior090.jpg,120.0,127.0,0.4877897,121.0,122.0,0.61472726,114.0,124.0,0.56383824,131.0,111.0,0.55791736,114.0,117.0,0.20161277,152.0,113.0,0.31023893,123.0,112.0,0.3526096,197.0,120.0,0.5941643,95.0,112.0,0.52746034,168.0,139.0,0.38590053,113.0,132.0,0.3557727,179.0,129.0,0.31239495,161.0,132.0,0.24839754,169.0,172.0,0.3927106,165.0,173.0,0.41958684,164.0,218.0,0.53687656,164.0,218.0,0.293146
guy3_warrior090_flipped.jpg,134.0,129.0,0.6695267,139.0,124.0,0.65997535,133.0,123.0,0.6011326,140.0,117.0,0.495245,124.0,112.0,0.68982625,134.0,115.0,0.5878683,103.0,112.0,0.5800606,159.0,112.0,0.47613356,57.0,120.0,0.8719758,144.0,129.0,0.32738635,86.0,139.0,0.6015252,89.0,119.0,0.4274984,73.0,119.0,0.540035,88.0,170.0,0.46678284,87.0,171.0,0.6989021,92.0,213.0,0.20181422,91.0,216.0,0.5986016
guy3_warrior091.jpg,118.0,127.0,0.7681945,120.0,121.0,0.73942053,114.0,122.0,0.6489249,130.0,109.0,0.78094846,114.0,112.0,0.5119028,154.0,109.0,0.6811992,120.0,108.0,0.5926653,196.0,121.0,0.8077786,92.0,110.0,0.6589297,164.0,139.0,0.72377014,111.0,134.0,0.73503625,185.0,121.0,0.71277875,167.0,122.0,0.4496843,169.0,171.0,0.6459474,166.0,169.0,0.49192786,164.0,216.0,0.55100703,164.0,216.0,0.45897147
guy3_warrior091_flipped.jpg,136.0,127.0,0.63791585,141.0,122.0,0.65443546,135.0,121.0,0.58834255,141.0,112.0,0.5048524,125.0,109.0,0.7413762,137.0,106.0,0.61583996,101.0,108.0,0.69631135,166.0,109.0,0.7732217,60.0,121.0,0.9162713,144.0,134.0,0.9016837,91.0,141.0,0.5221851,91.0,120.0,0.45962673,74.0,120.0,0.7421706,88.0,170.0,0.2803333,86.0,170.0,0.52389085,89.0,142.0,0.27574995,90.0,214.0,0.8164545
guy3_warrior092.jpg,117.0,126.0,0.5937439,119.0,120.0,0.6692327,112.0,121.0,0.71291006,131.0,108.0,0.85673356,115.0,111.0,0.3430451,152.0,107.0,0.7863182,117.0,108.0,0.514372,194.0,123.0,0.7231544,90.0,110.0,0.54778004,162.0,142.0,0.72665596,106.0,134.0,0.7506498,188.0,121.0,0.6980348,169.0,120.0,0.51380813,171.0,172.0,0.6416476,167.0,168.0,0.46773735,165.0,217.0,0.75342673,166.0,216.0,0.28841043
guy3_warrior092_flipped.jpg,138.0,126.0,0.7150517,142.0,121.0,0.7361986,136.0,120.0,0.64370733,140.0,112.0,0.576508,126.0,109.0,0.697726,137.0,105.0,0.6575302,103.0,107.0,0.70468974,169.0,108.0,0.76078343,62.0,121.0,0.81409025,150.0,134.0,0.87909865,93.0,144.0,0.73681587,92.0,117.0,0.6112455,76.0,118.0,0.7338567,89.0,169.0,0.35137892,86.0,170.0,0.6987677,61.0,92.0,0.70700157,89.0,213.0,0.667027
guy3_warrior093.jpg,114.0,124.0,0.80152804,117.0,118.0,0.8484209,110.0,119.0,0.6832725,129.0,107.0,0.83867097,112.0,109.0,0.51163614,151.0,107.0,0.6858133,114.0,106.0,0.62704057,189.0,121.0,0.8220732,85.0,106.0,0.8271551,160.0,144.0,0.79315245,103.0,135.0,0.82665336,184.0,117.0,0.68583447,163.0,112.0,0.45653462,170.0,170.0,0.6758629,166.0,166.0,0.49107173,164.0,217.0,0.6878154,165.0,146.0,0.12803818
guy3_warrior093_flipped.jpg,140.0,123.0,0.7061975,144.0,118.0,0.78294516,138.0,117.0,0.75066173,141.0,110.0,0.5936688,127.0,107.0,0.6273594,137.0,103.0,0.68048567,105.0,106.0,0.7020615,172.0,105.0,0.8524181,66.0,120.0,0.85545933,153.0,134.0,0.9159557,95.0,145.0,0.74974644,97.0,114.0,0.5254869,80.0,114.0,0.6367107,77.0,103.0,0.39814427,86.0,166.0,0.54259,59.0,92.0,0.5825577,54.0,92.0,0.7106409
guy3_warrior094.jpg,113.0,121.0,0.75611055,117.0,115.0,0.70464504,109.0,116.0,0.53437257,127.0,104.0,0.7892125,109.0,105.0,0.5726281,150.0,105.0,0.7925235,111.0,103.0,0.66407573,186.0,120.0,0.83826435,83.0,105.0,0.8469055,156.0,144.0,0.7357366,97.0,134.0,0.8274063,179.0,118.0,0.5953469,159.0,118.0,0.43168172,172.0,171.0,0.70421696,169.0,167.0,0.44203568,166.0,217.0,0.70317066,201.0,92.0,0.5984907
guy3_warrior094_flipped.jpg,141.0,121.0,0.7120577,145.0,117.0,0.75053424,139.0,117.0,0.60691583,144.0,108.0,0.49638635,128.0,106.0,0.66819775,142.0,101.0,0.55598605,105.0,104.0,0.6139402,174.0,105.0,0.8830497,70.0,120.0,0.85579294,159.0,133.0,0.77287495,99.0,146.0,0.685086,102.0,113.0,0.466898,84.0,114.0,0.66786814,75.0,104.0,0.43156627,86.0,168.0,0.7176036,56.0,92.0,0.6001409,52.0,92.0,0.558684
guy3_warrior095.jpg,112.0,121.0,0.61664486,115.0,114.0,0.712773,108.0,115.0,0.668779,127.0,103.0,0.7504295,109.0,106.0,0.51431704,148.0,105.0,0.6173716,109.0,102.0,0.4947613,182.0,118.0,0.82676786,81.0,104.0,0.6201483,155.0,145.0,0.44982925,91.0,133.0,0.6625035,175.0,115.0,0.5824028,158.0,107.0,0.38463527,171.0,167.0,0.70310473,182.0,102.0,0.32835972,168.0,211.0,0.7068357,202.0,92.0,0.6373539
guy3_warrior095_flipped.jpg,143.0,120.0,0.76254725,147.0,115.0,0.5997019,141.0,115.0,0.68690574,144.0,107.0,0.66465694,129.0,104.0,0.646593,142.0,101.0,0.6403726,107.0,103.0,0.5932807,176.0,103.0,0.83323616,74.0,118.0,0.89550465,165.0,133.0,0.67808926,101.0,144.0,0.63670576,100.0,112.0,0.62661994,83.0,114.0,0.7327185,75.0,107.0,0.5984572,86.0,166.0,0.6409157,58.0,93.0,0.7440842,50.0,93.0,0.5629076
guy3_warrior096.jpg,111.0,119.0,0.74110353,114.0,113.0,0.70514965,107.0,113.0,0.7026881,126.0,101.0,0.9173411,109.0,103.0,0.5177312,148.0,104.0,0.6895877,110.0,99.0,0.5239624,178.0,115.0,0.88512564,79.0,101.0,0.80358803,149.0,145.0,0.70303524,85.0,131.0,0.78015006,177.0,116.0,0.572652,159.0,112.0,0.4577219,172.0,167.0,0.7806449,184.0,101.0,0.26976466,166.0,211.0,0.5841459,205.0,91.0,0.61002773
guy3_warrior096_flipped.jpg,143.0,118.0,0.68869245,147.0,113.0,0.76238346,141.0,112.0,0.78603053,145.0,105.0,0.5708898,130.0,102.0,0.8001857,142.0,100.0,0.67611885,106.0,100.0,0.75217366,176.0,100.0,0.9254799,78.0,116.0,0.8038522,171.0,131.0,0.6538156,106.0,145.0,0.59692323,102.0,115.0,0.65706503,82.0,115.0,0.7824745,77.0,111.0,0.6629144,85.0,167.0,0.71093166,57.0,92.0,0.7200176,49.0,92.0,0.5035602
guy3_warrior097.jpg,110.0,117.0,0.8093113,113.0,111.0,0.6523496,106.0,112.0,0.71758914,124.0,100.0,0.8741195,107.0,101.0,0.66242737,147.0,105.0,0.5838611,111.0,99.0,0.5359634,173.0,113.0,0.9297482,78.0,100.0,0.77596897,144.0,145.0,0.8849164,80.0,133.0,0.6663527,175.0,114.0,0.6965164,161.0,110.0,0.55952346,172.0,167.0,0.76992166,186.0,99.0,0.4793783,167.0,213.0,0.57482654,206.0,91.0,0.7475916
guy3_warrior097_flipped.jpg,145.0,116.0,0.7522133,149.0,112.0,0.6694458,143.0,110.0,0.6216385,147.0,103.0,0.6655244,131.0,100.0,0.8624484,145.0,99.0,0.6443286,108.0,99.0,0.74838066,178.0,99.0,0.8736042,82.0,114.0,0.74858844,176.0,129.0,0.6537358,112.0,145.0,0.64903176,100.0,112.0,0.5127467,80.0,113.0,0.7916969,80.0,110.0,0.71367586,85.0,168.0,0.7525375,54.0,93.0,0.7565813,88.0,213.0,0.7406064
guy3_warrior098.jpg,109.0,116.0,0.7543856,112.0,110.0,0.65306723,105.0,111.0,0.7407054,123.0,98.0,0.86667365,106.0,101.0,0.5013933,146.0,103.0,0.72589505,111.0,99.0,0.5502993,172.0,114.0,0.77097934,76.0,99.0,0.8576387,137.0,145.0,0.60197026,73.0,131.0,0.87548006,175.0,114.0,0.6295023,163.0,111.0,0.55748487,171.0,166.0,0.76091516,185.0,104.0,0.59789836,168.0,211.0,0.6560202,209.0,93.0,0.79865485
guy3_warrior098_flipped.jpg,146.0,115.0,0.77726007,150.0,111.0,0.76863575,144.0,110.0,0.5725231,148.0,102.0,0.6500828,132.0,98.0,0.7299832,147.0,99.0,0.5796074,110.0,100.0,0.5596904,180.0,100.0,0.82413757,86.0,114.0,0.47160575,183.0,129.0,0.729094,118.0,144.0,0.625497,99.0,114.0,0.506928,79.0,115.0,0.8182236,82.0,109.0,0.6977967,85.0,167.0,0.589994,49.0,93.0,0.7794525,88.0,216.0,0.8062336
guy3_warrior099.jpg,108.0,115.0,0.8248843,110.0,109.0,0.8102109,104.0,110.0,0.7418657,122.0,97.0,0.9043494,106.0,97.0,0.6485191,148.0,103.0,0.69021726,111.0,96.0,0.6671978,160.0,115.0,0.61697793,73.0,99.0,0.8229877,130.0,142.0,0.7069254,66.0,128.0,0.83456635,175.0,115.0,0.8102348,162.0,111.0,0.58846116,172.0,165.0,0.6655952,185.0,103.0,0.55917734,167.0,212.0,0.6947808,210.0,93.0,0.8218394
guy3_warrior099_flipped.jpg,147.0,113.0,0.5886016,152.0,108.0,0.63525915,145.0,107.0,0.7900536,149.0,99.0,0.65343595,133.0,97.0,0.72212815,147.0,95.0,0.64731133,108.0,98.0,0.6183984,182.0,100.0,0.87518203,93.0,112.0,0.4167065,190.0,127.0,0.6798185,126.0,141.0,0.4808131,95.0,109.0,0.6592344,79.0,113.0,0.50974333,87.0,108.0,0.48661178,85.0,165.0,0.5988064,48.0,91.0,0.7195262,88.0,215.0,0.7372555
guy3_warrior100.jpg,107.0,112.0,0.81991816,110.0,107.0,0.8714733,103.0,107.0,0.72388434,121.0,94.0,0.7424016,105.0,95.0,0.4215391,148.0,100.0,0.6688961,108.0,91.0,0.6547775,155.0,110.0,0.63071334,73.0,99.0,0.65586555,122.0,139.0,0.70484126,61.0,123.0,0.7033043,176.0,112.0,0.64069176,163.0,105.0,0.410439,172.0,164.0,0.7125102,187.0,100.0,0.537006,168.0,214.0,0.7890893,212.0,90.0,0.8116196
guy3_warrior100_flipped.jpg,148.0,111.0,0.69464993,153.0,108.0,0.5921478,146.0,106.0,0.6590667,151.0,99.0,0.50315285,134.0,96.0,0.52980566,148.0,95.0,0.5252287,109.0,99.0,0.6162715,182.0,101.0,0.7960067,104.0,109.0,0.5711318,197.0,124.0,0.62221885,134.0,137.0,0.47393367,93.0,111.0,0.49323452,78.0,111.0,0.55010116,74.0,106.0,0.32431018,85.0,166.0,0.69430447,47.0,93.0,0.5109499,88.0,217.0,0.77851117
guy3_warrior101.jpg,106.0,111.0,0.81394017,109.0,105.0,0.62298024,102.0,106.0,0.73859066,121.0,92.0,0.86443,104.0,94.0,0.5849953,147.0,98.0,0.71772563,114.0,89.0,0.87211484,142.0,111.0,0.5629745,91.0,93.0,0.5870575,116.0,133.0,0.88140035,68.0,101.0,0.76989317,177.0,112.0,0.7001293,166.0,106.0,0.52933836,171.0,165.0,0.87943596,187.0,101.0,0.4278953,168.0,210.0,0.7399312,213.0,90.0,0.78059226
guy3_warrior101_flipped.jpg,149.0,111.0,0.7236968,154.0,107.0,0.5003682,148.0,106.0,0.6808499,149.0,99.0,0.31040695,136.0,97.0,0.5552898,141.0,92.0,0.6087291,113.0,99.0,0.5308024,163.0,96.0,0.385389,113.0,108.0,0.2714035,185.0,101.0,0.7384011,141.0,132.0,0.40855005,92.0,113.0,0.5879977,81.0,111.0,0.65436745,86.0,164.0,0.47507814,85.0,164.0,0.180745,87.0,215.0,0.3227871,43.0,91.0,0.44755384
guy3_warrior102.jpg,105.0,109.0,0.79946464,108.0,104.0,0.7072853,101.0,105.0,0.74555606,119.0,91.0,0.89783037,103.0,94.0,0.6265739,143.0,96.0,0.8264588,109.0,91.0,0.6652967,134.0,107.0,0.6091939,90.0,95.0,0.4157341,109.0,126.0,0.94439536,67.0,100.0,0.56301373,175.0,111.0,0.784782,165.0,108.0,0.58191836,171.0,163.0,0.7854263,186.0,101.0,0.57814026,168.0,213.0,0.8216495,215.0,91.0,0.8331418
guy3_warrior102_flipped.jpg,150.0,109.0,0.62334836,154.0,106.0,0.50205773,150.0,104.0,0.8077608,149.0,97.0,0.5916387,136.0,94.0,0.61301464,142.0,91.0,0.6807997,114.0,95.0,0.6890511,168.0,95.0,0.20613624,118.0,104.0,0.21773075,187.0,99.0,0.6062881,149.0,126.0,0.64870787,93.0,113.0,0.49397144,80.0,110.0,0.7755775,86.0,163.0,0.6882845,85.0,164.0,0.22647884,86.0,214.0,0.3423205,40.0,90.0,0.5925995
guy3_warrior103.jpg,104.0,109.0,0.73251957,106.0,103.0,0.6453284,100.0,104.0,0.829265,118.0,91.0,0.85717636,104.0,92.0,0.68844306,143.0,94.0,0.8393801,109.0,90.0,0.7279335,138.0,97.0,0.5248584,88.0,94.0,0.45268825,103.0,118.0,0.90385497,69.0,97.0,0.59776306,176.0,112.0,0.7129611,165.0,110.0,0.63893056,172.0,163.0,0.83536774,187.0,101.0,0.5633855,169.0,212.0,0.81697625,215.0,92.0,0.827512
guy3_warrior103_flipped.jpg,151.0,107.0,0.7692693,155.0,103.0,0.70974165,150.0,102.0,0.772164,149.0,94.0,0.50715554,137.0,92.0,0.775101,144.0,88.0,0.73817086,114.0,93.0,0.74368185,176.0,93.0,0.3796509,117.0,99.0,0.33402434,187.0,97.0,0.5092137,153.0,119.0,0.8695736,92.0,109.0,0.6362598,78.0,109.0,0.8466222,86.0,159.0,0.2699946,84.0,163.0,0.6437037,86.0,214.0,0.40216145,87.0,214.0,0.58731055
guy3_warrior104.jpg,105.0,107.0,0.5502848,108.0,101.0,0.66716003,102.0,101.0,0.6678175,118.0,90.0,0.83241814,106.0,88.0,0.6410161,144.0,89.0,0.77966774,113.0,91.0,0.8758704,134.0,94.0,0.47273317,71.0,94.0,0.33320248,97.0,110.0,0.9194479,66.0,96.0,0.59625447,178.0,110.0,0.6762045,168.0,109.0,0.7184473,172.0,162.0,0.7393513,190.0,99.0,0.3478078,169.0,210.0,0.91458,217.0,90.0,0.838775
guy3_warrior105.jpg,101.0,102.0,0.4845463,103.0,97.0,0.36494255,98.0,98.0,0.55607015,113.0,89.0,0.7161057,102.0,89.0,0.45939663,137.0,92.0,0.53043246,105.0,88.0,0.7056264,123.0,96.0,0.20079762,70.0,90.0,0.8352602,94.0,102.0,0.8821813,35.0,99.0,0.72989976,178.0,111.0,0.57242656,171.0,107.0,0.47729275,169.0,159.0,0.63432527,200.0,93.0,0.2736445,168.0,211.0,0.864302,218.0,92.0,0.59159684
guy3_warrior105_flipped.jpg,148.0,102.0,0.38356593,153.0,99.0,0.39354667,149.0,99.0,0.5888723,150.0,90.0,0.58269703,140.0,89.0,0.59923875,142.0,89.0,0.6211127,117.0,94.0,0.6941358,170.0,91.0,0.2675318,125.0,95.0,0.42635414,187.0,92.0,0.42076972,160.0,104.0,0.73137563,87.0,107.0,0.86127776,77.0,108.0,0.9080709,85.0,157.0,0.39405784,64.0,104.0,0.28431067,85.0,211.0,0.39164165,36.0,88.0,0.46143514
guy3_warrior106.jpg,100.0,101.0,0.39784533,103.0,96.0,0.3635451,97.0,97.0,0.29680243,114.0,90.0,0.50734997,99.0,91.0,0.2245246,139.0,94.0,0.5216188,101.0,90.0,0.4239837,118.0,94.0,0.33583638,67.0,90.0,0.4292694,89.0,97.0,0.42330733,33.0,94.0,0.61034465,176.0,110.0,0.5305338,167.0,106.0,0.4751219,169.0,160.0,0.5318371,201.0,96.0,0.29598156,169.0,213.0,0.7811032,220.0,91.0,0.5577206
guy3_warrior106_flipped.jpg,151.0,105.0,0.560809,155.0,101.0,0.6064699,151.0,101.0,0.56294906,152.0,93.0,0.5075085,141.0,92.0,0.68326396,145.0,89.0,0.7693845,116.0,97.0,0.7291862,167.0,90.0,0.3226401,131.0,94.0,0.29395157,184.0,92.0,0.30979863,166.0,97.0,0.5208053,90.0,107.0,0.8070932,77.0,108.0,0.8179295,85.0,157.0,0.40818405,64.0,104.0,0.25371712,85.0,211.0,0.41632983,85.0,211.0,0.57327247
guy3_warrior107.jpg,100.0,99.0,0.4231452,103.0,96.0,0.4144471,97.0,96.0,0.35575542,113.0,89.0,0.45644185,100.0,90.0,0.23640887,137.0,93.0,0.48653692,103.0,89.0,0.3912758,116.0,92.0,0.37242243,67.0,89.0,0.30212095,87.0,91.0,0.3490371,31.0,90.0,0.6056069,177.0,108.0,0.56574607,168.0,105.0,0.37615642,170.0,159.0,0.5125693,203.0,94.0,0.34559256,169.0,212.0,0.7160589,219.0,90.0,0.5785532
guy3_warrior107_flipped.jpg,154.0,104.0,0.63493884,158.0,99.0,0.51450884,152.0,98.0,0.48034954,154.0,92.0,0.47768643,142.0,91.0,0.6644201,148.0,86.0,0.5714466,118.0,98.0,0.61306965,169.0,86.0,0.39209914,138.0,92.0,0.3708484,188.0,87.0,0.39591298,168.0,92.0,0.36767936,90.0,106.0,0.69075084,77.0,108.0,0.7750536,68.0,102.0,0.41403747,82.0,160.0,0.346474,85.0,212.0,0.24779812,85.0,212.0,0.78131354
guy3_warrior108.jpg,100.0,97.0,0.4419542,103.0,94.0,0.39827615,97.0,95.0,0.2933891,112.0,87.0,0.56415284,100.0,87.0,0.19013555,137.0,93.0,0.43473542,102.0,87.0,0.40750355,116.0,92.0,0.355773,65.0,86.0,0.41582674,85.0,90.0,0.43035942,33.0,87.0,0.54536676,177.0,109.0,0.5758388,168.0,105.0,0.42206994,170.0,158.0,0.5814538,201.0,94.0,0.3897517,169.0,213.0,0.76814735,222.0,92.0,0.5335723
guy3_warrior108_flipped.jpg,152.0,101.0,0.67243713,156.0,98.0,0.6990106,151.0,97.0,0.76837754,152.0,91.0,0.6713866,141.0,87.0,0.5979542,149.0,86.0,0.68302524,120.0,94.0,0.7289423,170.0,87.0,0.3207065,137.0,91.0,0.394755,191.0,86.0,0.3884793,170.0,90.0,0.499585,87.0,105.0,0.801346,75.0,108.0,0.90006995,65.0,101.0,0.5369215,52.0,97.0,0.54534566,47.0,87.0,0.3126898,85.0,211.0,0.78555524
guy3_warrior109.jpg,99.0,98.0,0.45107195,102.0,95.0,0.47868988,96.0,95.0,0.39155975,112.0,87.0,0.5680829,99.0,87.0,0.19599324,136.0,93.0,0.47480956,102.0,87.0,0.42699155,114.0,92.0,0.25326934,69.0,86.0,0.28743157,84.0,88.0,0.43596354,35.0,86.0,0.63691294,177.0,109.0,0.594987,170.0,105.0,0.4492022,170.0,159.0,0.5992148,201.0,93.0,0.26996613,170.0,212.0,0.7506915,223.0,90.0,0.6448866
guy3_warrior109_flipped.jpg,152.0,102.0,0.52249026,155.0,99.0,0.5818397,152.0,98.0,0.57805705,152.0,90.0,0.63712573,144.0,88.0,0.54791784,145.0,86.0,0.6338138,120.0,92.0,0.6060439,160.0,85.0,0.3103299,141.0,91.0,0.4782891,174.0,88.0,0.4626564,173.0,89.0,0.51402164,86.0,104.0,0.8413608,76.0,107.0,0.8600647,64.0,101.0,0.615415,63.0,105.0,0.27042547,84.0,211.0,0.27175495,84.0,212.0,0.7308949
guy3_warrior110.jpg,99.0,99.0,0.4995557,102.0,95.0,0.59495246,96.0,96.0,0.3382986,112.0,87.0,0.6663446,99.0,87.0,0.26052892,137.0,92.0,0.53915536,102.0,87.0,0.51603425,114.0,91.0,0.15572749,68.0,86.0,0.32792956,83.0,87.0,0.44093445,35.0,85.0,0.6321168,177.0,108.0,0.5100938,169.0,105.0,0.3970074,171.0,159.0,0.69329655,202.0,95.0,0.40628585,171.0,210.0,0.8690393,223.0,92.0,0.6361557
guy3_warrior111.jpg,100.0,99.0,0.5124619,101.0,95.0,0.61055505,96.0,95.0,0.39661843,111.0,85.0,0.6049173,100.0,87.0,0.24402927,135.0,91.0,0.60834324,102.0,86.0,0.52023375,111.0,90.0,0.19976826,71.0,87.0,0.2993243,82.0,86.0,0.5466229,34.0,84.0,0.53998923,178.0,109.0,0.49008903,172.0,104.0,0.4639331,171.0,159.0,0.69396603,204.0,94.0,0.3799986,171.0,211.0,0.886458,227.0,91.0,0.6637553
guy3_warrior111_flipped.jpg,155.0,100.0,0.48815453,158.0,96.0,0.6458063,154.0,95.0,0.605159,152.0,89.0,0.63845026,144.0,87.0,0.7284246,146.0,84.0,0.54757446,120.0,93.0,0.7007969,164.0,84.0,0.3407164,145.0,88.0,0.52404654,174.0,87.0,0.47142762,174.0,87.0,0.5762471,86.0,102.0,0.8643453,73.0,106.0,0.8479795,62.0,99.0,0.6692524,48.0,95.0,0.48903063,33.0,88.0,0.26582983,28.0,87.0,0.76077616
guy3_warrior112.jpg,98.0,98.0,0.46544626,102.0,94.0,0.5786735,95.0,95.0,0.30694926,112.0,85.0,0.5480659,97.0,87.0,0.27463531,136.0,91.0,0.5120721,99.0,87.0,0.4465201,113.0,88.0,0.23019068,72.0,87.0,0.26730847,82.0,84.0,0.45771807,34.0,85.0,0.57813495,177.0,108.0,0.45827913,170.0,104.0,0.41313088,171.0,157.0,0.7240926,205.0,94.0,0.3308444,170.0,209.0,0.87424725,228.0,92.0,0.5900977
guy3_warrior112_flipped.jpg,155.0,99.0,0.4111606,158.0,96.0,0.6239562,155.0,94.0,0.62588274,151.0,88.0,0.5792218,146.0,85.0,0.7043301,145.0,83.0,0.6804332,122.0,90.0,0.6345984,152.0,84.0,0.21530893,142.0,88.0,0.46266398,174.0,85.0,0.5146816,173.0,86.0,0.52798456,85.0,104.0,0.87052095,74.0,106.0,0.8680824,83.0,153.0,0.39486307,47.0,94.0,0.51694787,83.0,210.0,0.24447381,25.0,87.0,0.6557019
guy3_warrior113.jpg,99.0,99.0,0.49131975,102.0,95.0,0.6304446,95.0,96.0,0.38979188,110.0,85.0,0.6050553,98.0,87.0,0.42365885,136.0,89.0,0.69375026,101.0,85.0,0.5296829,111.0,87.0,0.39539024,68.0,87.0,0.28245538,80.0,84.0,0.43092343,34.0,84.0,0.5400322,179.0,109.0,0.6824398,172.0,104.0,0.52419806,172.0,158.0,0.757563,204.0,95.0,0.49701574,171.0,208.0,0.8690227,228.0,93.0,0.73065853
guy3_warrior113_flipped.jpg,155.0,98.0,0.59314394,157.0,94.0,0.57129574,156.0,93.0,0.6688633,152.0,84.0,0.659256,146.0,83.0,0.78813785,142.0,85.0,0.6297819,124.0,88.0,0.7363996,148.0,84.0,0.31253716,143.0,86.0,0.52461636,174.0,85.0,0.65506065,174.0,85.0,0.6665858,84.0,105.0,0.6724772,76.0,105.0,0.9104649,82.0,155.0,0.39651284,47.0,93.0,0.47043148,25.0,89.0,0.44189343,83.0,209.0,0.74616337
guy3_warrior114.jpg,98.0,98.0,0.57263696,100.0,93.0,0.4684489,95.0,94.0,0.5010059,110.0,84.0,0.44775555,99.0,87.0,0.30756196,135.0,90.0,0.5637146,104.0,88.0,0.37878972,111.0,89.0,0.25603563,76.0,85.0,0.19787642,79.0,84.0,0.34709695,37.0,84.0,0.45135808,178.0,108.0,0.5738574,172.0,104.0,0.49035496,171.0,157.0,0.7371579,206.0,95.0,0.4690419,171.0,209.0,0.863487,230.0,93.0,0.7174295
guy3_warrior114_flipped.jpg,157.0,97.0,0.49516597,158.0,92.0,0.7214463,157.0,92.0,0.63688684,152.0,84.0,0.67004734,146.0,83.0,0.7452096,144.0,83.0,0.7062403,122.0,87.0,0.72077763,151.0,83.0,0.29027805,146.0,86.0,0.6171638,176.0,83.0,0.61095,175.0,83.0,0.68637645,85.0,106.0,0.77728635,75.0,105.0,0.9084651,83.0,154.0,0.49068314,46.0,92.0,0.589292,83.0,210.0,0.28615713,83.0,210.0,0.78327894
guy3_warrior115.jpg,98.0,97.0,0.54007316,100.0,92.0,0.49090317,95.0,93.0,0.4903765,110.0,84.0,0.45378894,99.0,86.0,0.25558862,133.0,89.0,0.6009053,104.0,87.0,0.38956073,110.0,87.0,0.2808696,75.0,83.0,0.31117117,79.0,83.0,0.45141074,36.0,83.0,0.50191593,179.0,108.0,0.6797093,173.0,104.0,0.5275427,172.0,157.0,0.7274264,207.0,96.0,0.45982003,172.0,208.0,0.87910897,231.0,93.0,0.6923393
guy3_warrior115_flipped.jpg,158.0,97.0,0.5367272,159.0,92.0,0.6843165,157.0,91.0,0.720518,152.0,85.0,0.6811021,147.0,84.0,0.72893393,143.0,85.0,0.59607077,122.0,88.0,0.74994195,152.0,82.0,0.3157118,146.0,84.0,0.5802907,177.0,83.0,0.47798967,177.0,83.0,0.5219846,86.0,104.0,0.7577162,76.0,106.0,0.8244706,60.0,100.0,0.5389717,81.0,156.0,0.49794468,26.0,89.0,0.4462106,83.0,209.0,0.89497864
guy3_warrior116.jpg,97.0,98.0,0.57746994,99.0,93.0,0.5805458,95.0,94.0,0.6158671,112.0,85.0,0.5562599,101.0,87.0,0.30006507,133.0,88.0,0.6092086,108.0,88.0,0.32057846,108.0,86.0,0.44408002,89.0,84.0,0.17904387,76.0,82.0,0.5821594,72.0,82.0,0.25878713,180.0,108.0,0.63270515,174.0,103.0,0.55473566,173.0,157.0,0.72971857,207.0,95.0,0.43724903,173.0,207.0,0.8899066,232.0,93.0,0.63405335
guy3_warrior116_flipped.jpg,155.0,97.0,0.6396557,157.0,92.0,0.5339586,155.0,92.0,0.6929554,151.0,85.0,0.65762854,146.0,83.0,0.6967718,144.0,84.0,0.61097634,123.0,87.0,0.666367,154.0,82.0,0.3692185,147.0,85.0,0.5325823,176.0,83.0,0.56587684,176.0,83.0,0.33590508,86.0,104.0,0.75709635,75.0,105.0,0.9138137,61.0,100.0,0.48276827,81.0,155.0,0.3923943,24.0,90.0,0.36012527,82.0,209.0,0.9035689
guy3_warrior117.jpg,97.0,97.0,0.6795764,100.0,92.0,0.5596208,95.0,93.0,0.7238821,111.0,83.0,0.6327913,100.0,85.0,0.48255715,134.0,88.0,0.7024795,106.0,87.0,0.5139557,107.0,86.0,0.40181768,90.0,84.0,0.20067047,75.0,82.0,0.6757941,72.0,81.0,0.34041548,179.0,107.0,0.72710484,173.0,102.0,0.6723535,173.0,156.0,0.61320096,201.0,99.0,0.3895388,173.0,207.0,0.92643046,233.0,93.0,0.7155832
guy3_warrior117_flipped.jpg,156.0,97.0,0.6563705,159.0,93.0,0.73834974,156.0,92.0,0.7459365,151.0,84.0,0.7006556,147.0,83.0,0.7099873,143.0,87.0,0.54448164,123.0,85.0,0.8516742,160.0,84.0,0.26370746,148.0,84.0,0.5606367,183.0,82.0,0.4228627,182.0,82.0,0.5763854,85.0,107.0,0.70078975,75.0,105.0,0.90494615,81.0,153.0,0.57395506,53.0,97.0,0.38734353,82.0,208.0,0.470716,19.0,89.0,0.7013521
guy3_warrior118.jpg,98.0,96.0,0.65178585,100.0,92.0,0.5175659,95.0,92.0,0.6447091,110.0,82.0,0.60151833,100.0,84.0,0.4936979,133.0,87.0,0.6362848,106.0,84.0,0.39893913,104.0,83.0,0.5058578,89.0,81.0,0.2855328,72.0,81.0,0.67787385,70.0,80.0,0.39252374,179.0,108.0,0.7161995,174.0,102.0,0.4949069,173.0,157.0,0.74685943,209.0,96.0,0.5647485,174.0,208.0,0.90394497,235.0,94.0,0.74388546
guy3_warrior118_flipped.jpg,156.0,98.0,0.66077185,159.0,93.0,0.5642036,156.0,92.0,0.7523119,152.0,84.0,0.67812014,147.0,81.0,0.61101305,141.0,87.0,0.53969866,126.0,84.0,0.83608884,156.0,82.0,0.30081263,149.0,83.0,0.62189704,183.0,82.0,0.31585008,184.0,80.0,0.58866024,85.0,106.0,0.75088423,76.0,105.0,0.89424235,82.0,153.0,0.65600395,56.0,97.0,0.33498523,82.0,208.0,0.33702862,18.0,88.0,0.72986704
guy3_warrior119.jpg,99.0,96.0,0.56186825,100.0,92.0,0.43212909,96.0,93.0,0.38672465,110.0,83.0,0.44044727,100.0,84.0,0.43373522,133.0,88.0,0.54266775,108.0,84.0,0.27107614,104.0,83.0,0.38234565,86.0,81.0,0.27149117,72.0,80.0,0.53894687,70.0,79.0,0.3701649,180.0,108.0,0.63899547,174.0,104.0,0.549559,173.0,157.0,0.7067554,212.0,96.0,0.42557517,174.0,206.0,0.904411,237.0,95.0,0.66576755
guy3_warrior119_flipped.jpg,156.0,99.0,0.6694887,158.0,94.0,0.58666706,155.0,93.0,0.73397654,151.0,86.0,0.7110257,146.0,83.0,0.69486237,141.0,89.0,0.60400605,125.0,85.0,0.8353495,156.0,83.0,0.3491476,150.0,84.0,0.6284509,182.0,81.0,0.39586896,182.0,80.0,0.47992054,85.0,105.0,0.5624742,76.0,107.0,0.89570475,51.0,99.0,0.56906766,81.0,155.0,0.3199048,21.0,91.0,0.55371034,82.0,207.0,0.82474715
guy3_warrior120.jpg,100.0,97.0,0.5781878,102.0,92.0,0.53439045,96.0,93.0,0.52463126,112.0,84.0,0.5069012,101.0,87.0,0.31269896,133.0,88.0,0.45406863,109.0,84.0,0.21396643,103.0,82.0,0.37485814,89.0,80.0,0.27703357,73.0,79.0,0.44971976,71.0,79.0,0.31854498,179.0,109.0,0.5405687,172.0,104.0,0.5245918,173.0,157.0,0.71074337,211.0,96.0,0.414827,175.0,207.0,0.87511593,237.0,92.0,0.5673387
guy3_warrior120_flipped.jpg,157.0,98.0,0.64126134,159.0,94.0,0.5054225,156.0,92.0,0.71078324,151.0,84.0,0.65625024,146.0,82.0,0.5421848,139.0,88.0,0.5236933,124.0,85.0,0.88800704,154.0,82.0,0.45253226,150.0,83.0,0.53474045,179.0,80.0,0.44226477,182.0,79.0,0.5120345,84.0,102.0,0.7901687,76.0,106.0,0.86335766,56.0,100.0,0.5062579,80.0,155.0,0.20946771,27.0,89.0,0.31619987,81.0,207.0,0.7310461
guy3_warrior121.jpg,100.0,97.0,0.5703411,101.0,93.0,0.5745214,96.0,93.0,0.5629611,111.0,84.0,0.5192412,101.0,87.0,0.3499161,133.0,88.0,0.5719218,110.0,84.0,0.21024768,103.0,82.0,0.5035798,86.0,82.0,0.34920597,73.0,79.0,0.5899666,71.0,78.0,0.37645525,180.0,108.0,0.6589203,175.0,104.0,0.53690255,174.0,157.0,0.7429573,211.0,97.0,0.3976132,175.0,206.0,0.86350983,237.0,92.0,0.47169027
guy3_warrior121_flipped.jpg,155.0,98.0,0.5021727,159.0,94.0,0.57304007,155.0,92.0,0.6294675,152.0,84.0,0.46490395,146.0,82.0,0.49064466,144.0,83.0,0.6142403,125.0,84.0,0.77997553,156.0,84.0,0.25199485,149.0,83.0,0.5229769,181.0,80.0,0.36776614,181.0,79.0,0.36810267,86.0,104.0,0.72297716,77.0,106.0,0.8142123,51.0,99.0,0.619993,80.0,155.0,0.3059495,25.0,90.0,0.32628894,81.0,206.0,0.78957766
guy3_warrior122.jpg,100.0,97.0,0.5172097,101.0,92.0,0.54708195,96.0,93.0,0.5459461,111.0,84.0,0.48731956,102.0,87.0,0.36682063,132.0,89.0,0.53331804,107.0,86.0,0.33719647,103.0,82.0,0.46352458,86.0,83.0,0.37015232,71.0,77.0,0.5007765,68.0,77.0,0.39233184,181.0,109.0,0.6022593,176.0,105.0,0.43749803,174.0,157.0,0.71543074,211.0,98.0,0.35810903,175.0,206.0,0.83064944,238.0,94.0,0.5609951
guy3_warrior122_flipped.jpg,155.0,97.0,0.69424564,158.0,93.0,0.7813136,155.0,91.0,0.6409444,150.0,83.0,0.58040106,146.0,82.0,0.64932406,142.0,84.0,0.67034686,126.0,82.0,0.8486376,155.0,84.0,0.24990667,147.0,82.0,0.7586696,178.0,81.0,0.41177163,177.0,79.0,0.6138686,84.0,106.0,0.75567746,75.0,106.0,0.8533273,80.0,152.0,0.5665143,51.0,99.0,0.2515978,80.0,207.0,0.20411246,15.0,91.0,0.5421883
guy3_warrior123.jpg,100.0,99.0,0.49035615,101.0,94.0,0.52503717,96.0,95.0,0.51614493,111.0,86.0,0.5990745,102.0,87.0,0.39951888,131.0,89.0,0.5508534,110.0,87.0,0.27733845,103.0,82.0,0.5683607,85.0,83.0,0.29285267,71.0,77.0,0.7071715,68.0,78.0,0.36183774,181.0,108.0,0.6241399,176.0,105.0,0.45192668,174.0,157.0,0.7126143,209.0,99.0,0.4484844,175.0,207.0,0.8758996,239.0,94.0,0.62056184
guy3_warrior123_flipped.jpg,156.0,100.0,0.7274302,158.0,96.0,0.68129236,156.0,94.0,0.5641948,152.0,86.0,0.74706745,147.0,84.0,0.75547445,143.0,82.0,0.64180684,128.0,84.0,0.69102395,156.0,82.0,0.31337374,150.0,83.0,0.50617874,182.0,78.0,0.37994733,183.0,77.0,0.49456918,84.0,104.0,0.6810746,77.0,107.0,0.8915588,46.0,98.0,0.6939285,80.0,155.0,0.4658147,20.0,90.0,0.5184412,80.0,207.0,0.8761017
guy3_warrior124.jpg,100.0,99.0,0.5096814,100.0,94.0,0.49484003,96.0,94.0,0.547323,111.0,85.0,0.5853219,102.0,87.0,0.4339967,130.0,89.0,0.47396773,110.0,88.0,0.28708196,99.0,82.0,0.5386424,80.0,86.0,0.34110972,72.0,77.0,0.58627284,47.0,81.0,0.49620503,180.0,109.0,0.5836252,177.0,105.0,0.44858336,173.0,157.0,0.7116035,209.0,99.0,0.44527137,175.0,206.0,0.8768481,240.0,96.0,0.5722778
guy3_warrior124_flipped.jpg,154.0,99.0,0.636868,157.0,95.0,0.69473296,155.0,94.0,0.69163185,150.0,84.0,0.6240727,148.0,84.0,0.6563575,143.0,84.0,0.7489039,129.0,82.0,0.76700723,167.0,83.0,0.48866954,152.0,81.0,0.67764676,183.0,78.0,0.4426821,182.0,75.0,0.67578757,84.0,105.0,0.6652454,77.0,107.0,0.87638277,43.0,98.0,0.6059944,80.0,156.0,0.4523275,20.0,90.0,0.4251802,80.0,207.0,0.7962081
guy3_warrior125.jpg,100.0,99.0,0.77548194,100.0,95.0,0.7669202,98.0,95.0,0.7653342,109.0,86.0,0.75424564,105.0,87.0,0.58583367,131.0,91.0,0.55478925,113.0,88.0,0.72495294,100.0,80.0,0.66460204,88.0,85.0,0.46206573,74.0,75.0,0.8010155,70.0,78.0,0.4704065,179.0,107.0,0.86701113,176.0,103.0,0.83694255,176.0,157.0,0.70458996,212.0,97.0,0.67482054,176.0,206.0,0.94630903,242.0,95.0,0.74797904
guy3_warrior126.jpg,99.0,100.0,0.45915353,100.0,96.0,0.43971634,96.0,97.0,0.5117632,109.0,87.0,0.5764682,101.0,89.0,0.5007231,129.0,88.0,0.4699751,111.0,91.0,0.37738585,99.0,81.0,0.5018867,78.0,88.0,0.4140367,72.0,72.0,0.56906533,46.0,82.0,0.74127847,180.0,109.0,0.5836343,177.0,106.0,0.51960117,174.0,158.0,0.71761703,211.0,100.0,0.41819394,175.0,208.0,0.85752517,242.0,96.0,0.5867028
guy3_warrior126_flipped.jpg,154.0,99.0,0.7229818,156.0,96.0,0.697056,155.0,94.0,0.576022,150.0,86.0,0.7775341,147.0,85.0,0.71644723,142.0,87.0,0.6944816,127.0,85.0,0.80884284,168.0,84.0,0.6223521,153.0,81.0,0.776441,182.0,78.0,0.3766282,182.0,73.0,0.71150434,83.0,106.0,0.7901567,76.0,107.0,0.8632468,80.0,152.0,0.35301325,79.0,157.0,0.5838438,79.0,207.0,0.20049581,79.0,208.0,0.8374104
guy3_warrior127.jpg,99.0,101.0,0.7304727,99.0,96.0,0.8073373,96.0,97.0,0.5336901,108.0,87.0,0.725113,103.0,88.0,0.7735158,132.0,90.0,0.8159318,112.0,91.0,0.7712417,100.0,83.0,0.6818817,87.0,89.0,0.3357718,73.0,73.0,0.82591546,66.0,80.0,0.4250848,178.0,108.0,0.855476,175.0,103.0,0.7621987,175.0,158.0,0.70308673,213.0,98.0,0.665293,176.0,207.0,0.9594797,244.0,94.0,0.7049065
guy3_warrior127_flipped.jpg,154.0,101.0,0.75625414,156.0,97.0,0.74726796,155.0,96.0,0.63552,149.0,88.0,0.73272717,147.0,86.0,0.76354456,140.0,88.0,0.7146485,126.0,86.0,0.69042593,163.0,86.0,0.43557936,154.0,83.0,0.7256429,183.0,75.0,0.4092861,182.0,74.0,0.5885488,82.0,107.0,0.63547206,77.0,109.0,0.91117215,80.0,154.0,0.4083638,80.0,155.0,0.20299532,80.0,207.0,0.20047304,80.0,208.0,0.77089506
guy3_warrior128.jpg,100.0,101.0,0.7046561,99.0,97.0,0.73509306,97.0,97.0,0.8251284,109.0,89.0,0.8149234,104.0,90.0,0.73311734,132.0,91.0,0.7681764,111.0,92.0,0.8345067,103.0,83.0,0.613233,85.0,87.0,0.44796652,73.0,72.0,0.85638577,68.0,82.0,0.39141154,178.0,108.0,0.8822488,172.0,104.0,0.757707,176.0,158.0,0.79994667,212.0,100.0,0.6932976,176.0,207.0,0.93453807,245.0,96.0,0.8061738
guy3_warrior128_flipped.jpg,156.0,102.0,0.7238864,158.0,98.0,0.6546272,156.0,97.0,0.61075944,149.0,89.0,0.5760367,147.0,88.0,0.7318424,139.0,89.0,0.7735033,126.0,89.0,0.7699574,162.0,87.0,0.414314,153.0,84.0,0.6755042,180.0,78.0,0.34657857,181.0,74.0,0.5752128,83.0,105.0,0.75123537,78.0,110.0,0.88093764,45.0,102.0,0.7482701,80.0,158.0,0.66951656,15.0,93.0,0.6243733,79.0,208.0,0.8527886
guy3_warrior129.jpg,96.0,101.0,0.5826417,97.0,96.0,0.5789305,94.0,97.0,0.67038083,107.0,88.0,0.49148133,99.0,90.0,0.3702951,128.0,91.0,0.47929525,109.0,92.0,0.37163422,93.0,81.0,0.17547034,78.0,87.0,0.3952689,68.0,69.0,0.41237333,45.0,82.0,0.51706624,180.0,110.0,0.53622293,177.0,105.0,0.46306112,174.0,159.0,0.6703804,212.0,100.0,0.40854576,175.0,209.0,0.7888935,243.0,98.0,0.53745395
guy3_warrior129_flipped.jpg,158.0,101.0,0.5901172,159.0,96.0,0.70799035,158.0,95.0,0.7032947,150.0,88.0,0.7558744,148.0,87.0,0.82972914,138.0,97.0,0.61095226,124.0,90.0,0.74887073,168.0,88.0,0.59936523,154.0,83.0,0.7001475,180.0,84.0,0.3350983,185.0,73.0,0.5772002,82.0,107.0,0.73780084,78.0,111.0,0.8663113,45.0,102.0,0.69051105,80.0,159.0,0.5211053,13.0,94.0,0.6596486,80.0,209.0,0.89466405
guy3_warrior130.jpg,98.0,104.0,0.6863549,97.0,99.0,0.83265895,96.0,99.0,0.622872,107.0,91.0,0.82634956,103.0,91.0,0.6987115,132.0,92.0,0.8399214,112.0,95.0,0.86053395,102.0,84.0,0.6554554,84.0,90.0,0.4035953,71.0,73.0,0.7564528,63.0,85.0,0.41534558,179.0,109.0,0.9124579,174.0,105.0,0.8409827,174.0,158.0,0.64152443,214.0,101.0,0.6995656,175.0,209.0,0.950821,245.0,100.0,0.81113636
guy3_warrior130_flipped.jpg,156.0,103.0,0.67239153,158.0,99.0,0.8021841,157.0,98.0,0.6436018,150.0,90.0,0.7116667,149.0,89.0,0.68262136,138.0,95.0,0.69043356,125.0,91.0,0.7301843,160.0,87.0,0.43373364,155.0,85.0,0.7048463,180.0,85.0,0.24376944,185.0,74.0,0.6003486,82.0,107.0,0.6383803,79.0,113.0,0.8918759,48.0,104.0,0.708511,80.0,159.0,0.58364034,16.0,95.0,0.73875636,81.0,210.0,0.85734046
guy3_warrior131.jpg,97.0,104.0,0.71818864,97.0,99.0,0.7927752,95.0,99.0,0.5693933,107.0,91.0,0.8094679,102.0,92.0,0.61055845,131.0,94.0,0.7823788,111.0,97.0,0.81182516,101.0,85.0,0.50816464,83.0,92.0,0.30755648,68.0,70.0,0.7269888,64.0,84.0,0.19762494,178.0,110.0,0.8776369,173.0,107.0,0.8040547,175.0,159.0,0.668915,210.0,102.0,0.64846075,175.0,209.0,0.90614,242.0,99.0,0.6936493
guy3_warrior131_flipped.jpg,157.0,103.0,0.65925825,158.0,99.0,0.7846639,158.0,98.0,0.7020056,150.0,90.0,0.70531154,148.0,89.0,0.66622216,138.0,94.0,0.5966934,126.0,91.0,0.73482597,157.0,85.0,0.43728688,153.0,87.0,0.6531091,178.0,83.0,0.27156106,187.0,74.0,0.45711887,82.0,107.0,0.66429186,79.0,112.0,0.9005291,44.0,102.0,0.76961744,80.0,159.0,0.63578963,14.0,96.0,0.6190989,80.0,209.0,0.8912809
guy3_warrior132.jpg,97.0,105.0,0.7546123,96.0,99.0,0.7277951,95.0,100.0,0.72508013,106.0,92.0,0.6826064,102.0,93.0,0.6783118,127.0,96.0,0.77138954,113.0,99.0,0.70853436,96.0,83.0,0.65966403,81.0,92.0,0.42236647,68.0,71.0,0.61947906,58.0,85.0,0.27261308,177.0,112.0,0.8786753,175.0,108.0,0.8614165,174.0,160.0,0.70389926,213.0,102.0,0.7154251,174.0,210.0,0.9247258,243.0,101.0,0.7823276
guy3_warrior132_flipped.jpg,158.0,104.0,0.5888091,160.0,99.0,0.82738465,158.0,98.0,0.6543163,150.0,91.0,0.70066607,149.0,90.0,0.7438046,139.0,95.0,0.64830875,127.0,92.0,0.74085975,164.0,89.0,0.44837335,156.0,86.0,0.6901782,180.0,87.0,0.2722743,186.0,74.0,0.5631993,82.0,108.0,0.6442658,80.0,113.0,0.886878,48.0,106.0,0.75124824,81.0,160.0,0.6693584,16.0,97.0,0.6871216,80.0,208.0,0.91185623
guy3_warrior133.jpg,96.0,104.0,0.4655089,96.0,100.0,0.48679125,92.0,101.0,0.56162995,106.0,92.0,0.51222587,99.0,94.0,0.344574,128.0,95.0,0.43025732,109.0,94.0,0.44081596,102.0,89.0,0.2698784,77.0,90.0,0.37042937,68.0,71.0,0.6128808,45.0,85.0,0.6250169,179.0,114.0,0.5085256,176.0,109.0,0.51093316,172.0,161.0,0.69985485,212.0,103.0,0.5673413,174.0,210.0,0.8789917,242.0,101.0,0.49206233
guy3_warrior133_flipped.jpg,158.0,104.0,0.74854505,160.0,100.0,0.6423762,159.0,99.0,0.49751523,152.0,92.0,0.6587458,150.0,92.0,0.620209,140.0,95.0,0.64255273,128.0,94.0,0.5702101,166.0,91.0,0.54066193,157.0,88.0,0.6802925,183.0,86.0,0.23642458,186.0,74.0,0.5747708,82.0,108.0,0.75380576,80.0,114.0,0.88602936,45.0,105.0,0.793522,82.0,161.0,0.5805433,15.0,97.0,0.69130206,80.0,209.0,0.88384473
guy3_warrior134.jpg,95.0,105.0,0.58115196,95.0,100.0,0.55615747,92.0,101.0,0.6101867,105.0,93.0,0.63136876,99.0,95.0,0.52090764,129.0,96.0,0.57591116,107.0,99.0,0.5425383,99.0,88.0,0.42172915,74.0,92.0,0.3777673,67.0,72.0,0.67556894,42.0,87.0,0.7014984,179.0,114.0,0.6203065,174.0,111.0,0.4152151,172.0,161.0,0.6698234,209.0,106.0,0.43934557,173.0,212.0,0.8898806,241.0,101.0,0.51982135
guy3_warrior134_flipped.jpg,160.0,106.0,0.5354061,162.0,102.0,0.81695235,161.0,100.0,0.7282986,154.0,93.0,0.8047072,152.0,92.0,0.79815924,142.0,98.0,0.69128126,128.0,93.0,0.6596092,170.0,92.0,0.7094357,155.0,88.0,0.617883,184.0,91.0,0.3251562,186.0,76.0,0.6876826,84.0,109.0,0.6080282,80.0,114.0,0.90090144,46.0,106.0,0.7974529,82.0,161.0,0.63540477,15.0,99.0,0.804938,81.0,211.0,0.8832683
guy3_warrior135.jpg,95.0,107.0,0.5829303,95.0,102.0,0.5811672,92.0,103.0,0.60666513,105.0,94.0,0.6941702,98.0,96.0,0.52495575,129.0,97.0,0.55751187,107.0,100.0,0.43903074,100.0,88.0,0.55706525,74.0,94.0,0.45677713,67.0,73.0,0.6109586,42.0,88.0,0.53754675,178.0,116.0,0.61552286,173.0,112.0,0.48275927,171.0,162.0,0.6902556,207.0,107.0,0.5321574,172.0,212.0,0.8863701,242.0,104.0,0.5471117
guy3_warrior135_flipped.jpg,160.0,106.0,0.72312737,162.0,102.0,0.66425663,161.0,101.0,0.68034935,154.0,94.0,0.65588045,152.0,93.0,0.5462421,141.0,98.0,0.7529272,130.0,96.0,0.7368236,169.0,93.0,0.4566191,156.0,89.0,0.65020746,181.0,92.0,0.29393706,188.0,77.0,0.66080934,83.0,109.0,0.79780346,81.0,115.0,0.8742841,47.0,107.0,0.8227327,84.0,162.0,0.5690441,17.0,99.0,0.66733664,81.0,211.0,0.8936178
guy3_warrior136.jpg,95.0,108.0,0.5719442,95.0,103.0,0.5943776,92.0,104.0,0.6297034,106.0,95.0,0.7411107,99.0,97.0,0.626878,128.0,98.0,0.6256065,108.0,100.0,0.46265808,96.0,88.0,0.48955965,76.0,95.0,0.44757783,65.0,73.0,0.83337575,43.0,88.0,0.6570189,178.0,118.0,0.52254605,174.0,113.0,0.58397806,171.0,164.0,0.6670903,208.0,106.0,0.5317533,172.0,213.0,0.8497859,241.0,103.0,0.58637655
guy3_warrior136_flipped.jpg,161.0,107.0,0.4967429,162.0,104.0,0.754871,161.0,103.0,0.7048791,154.0,96.0,0.790874,153.0,95.0,0.74072564,142.0,101.0,0.70290744,130.0,97.0,0.77333224,167.0,94.0,0.5215764,157.0,90.0,0.6908239,183.0,93.0,0.30248332,190.0,77.0,0.65443957,84.0,110.0,0.6526545,81.0,116.0,0.8861084,46.0,108.0,0.7990767,84.0,163.0,0.5870501,15.0,100.0,0.8015103,82.0,211.0,0.8806285
guy3_warrior137.jpg,95.0,111.0,0.7523755,94.0,106.0,0.64056075,93.0,106.0,0.65458876,104.0,99.0,0.80831826,100.0,99.0,0.56527424,125.0,101.0,0.7740116,109.0,105.0,0.85041374,95.0,90.0,0.62577343,78.0,96.0,0.5620682,66.0,75.0,0.7316147,64.0,76.0,0.39085916,174.0,115.0,0.87566584,171.0,110.0,0.8569156,171.0,165.0,0.7951737,211.0,107.0,0.75976455,172.0,213.0,0.8857901,242.0,104.0,0.8675306
guy3_warrior137_flipped.jpg,163.0,108.0,0.6316788,164.0,103.0,0.80567527,163.0,102.0,0.7703824,155.0,95.0,0.7711386,155.0,94.0,0.7695893,143.0,101.0,0.6867336,132.0,97.0,0.8018738,169.0,94.0,0.52630335,158.0,91.0,0.6710098,184.0,93.0,0.25181502,190.0,77.0,0.7841881,84.0,111.0,0.63840663,83.0,116.0,0.90188295,48.0,110.0,0.808391,85.0,163.0,0.5664871,16.0,101.0,0.8326757,82.0,212.0,0.88466275
guy3_warrior138.jpg,93.0,111.0,0.723716,92.0,106.0,0.5755666,91.0,106.0,0.6349745,101.0,99.0,0.75960535,98.0,99.0,0.84977674,124.0,101.0,0.68585384,108.0,104.0,0.7770018,94.0,90.0,0.59573483,76.0,96.0,0.6442077,67.0,75.0,0.6124331,62.0,76.0,0.4390341,174.0,116.0,0.8842254,171.0,111.0,0.7541607,170.0,165.0,0.8031588,211.0,108.0,0.7396903,172.0,214.0,0.90087193,241.0,105.0,0.836486
guy3_warrior138_flipped.jpg,161.0,110.0,0.65418994,163.0,106.0,0.57947123,162.0,105.0,0.72572684,157.0,97.0,0.7061702,156.0,96.0,0.772411,146.0,98.0,0.6974461,135.0,96.0,0.7108322,173.0,93.0,0.5012301,159.0,92.0,0.58577585,189.0,93.0,0.23084646,189.0,78.0,0.58010375,85.0,111.0,0.5930756,84.0,117.0,0.8618693,49.0,110.0,0.8515278,85.0,166.0,0.6347282,16.0,103.0,0.83592767,83.0,213.0,0.92388356
guy3_warrior139.jpg,93.0,111.0,0.46503097,93.0,108.0,0.5017513,90.0,108.0,0.59807247,102.0,99.0,0.4574269,96.0,102.0,0.44138974,119.0,101.0,0.5727563,104.0,108.0,0.6016483,87.0,88.0,0.3470707,72.0,97.0,0.40070292,61.0,74.0,0.61233705,43.0,91.0,0.49992537,173.0,118.0,0.6534692,171.0,115.0,0.4319516,169.0,166.0,0.63609517,206.0,111.0,0.47985938,170.0,214.0,0.7980394,239.0,107.0,0.6263218
guy3_warrior139_flipped.jpg,162.0,110.0,0.5647316,164.0,106.0,0.49732897,163.0,105.0,0.6952666,157.0,97.0,0.6987072,156.0,96.0,0.6965407,148.0,99.0,0.739156,137.0,96.0,0.6646217,177.0,94.0,0.61569643,159.0,92.0,0.64571846,187.0,96.0,0.19788852,188.0,78.0,0.5301488,86.0,112.0,0.60193104,85.0,117.0,0.90495497,49.0,111.0,0.82952,86.0,166.0,0.6411159,16.0,104.0,0.8460637,84.0,213.0,0.9188367
guy3_warrior140.jpg,93.0,114.0,0.7137636,92.0,110.0,0.72669363,91.0,110.0,0.7243469,100.0,102.0,0.7895568,97.0,102.0,0.82555926,120.0,101.0,0.58293647,106.0,104.0,0.79023623,92.0,92.0,0.41288188,75.0,97.0,0.5990243,64.0,76.0,0.7278927,56.0,94.0,0.43169335,172.0,118.0,0.87851477,170.0,113.0,0.8581669,169.0,166.0,0.754572,209.0,112.0,0.6815032,170.0,214.0,0.9471248,241.0,108.0,0.7867687
guy3_warrior140_flipped.jpg,162.0,114.0,0.7212169,164.0,111.0,0.72031164,164.0,110.0,0.82074106,157.0,101.0,0.75982547,157.0,100.0,0.7908145,146.0,102.0,0.6626483,135.0,98.0,0.75869346,173.0,97.0,0.57777196,160.0,94.0,0.57371664,188.0,96.0,0.25166902,190.0,81.0,0.7435287,87.0,115.0,0.6809552,85.0,119.0,0.917854,49.0,112.0,0.8361887,86.0,166.0,0.5431279,17.0,104.0,0.66873646,85.0,214.0,0.8616314
guy3_warrior141.jpg,94.0,114.0,0.5827816,93.0,110.0,0.6058087,90.0,111.0,0.6142007,99.0,101.0,0.55576015,94.0,104.0,0.48797378,115.0,102.0,0.50515413,101.0,109.0,0.48141533,90.0,93.0,0.27024508,72.0,115.0,0.40367252,66.0,80.0,0.6959386,45.0,125.0,0.66454697,170.0,121.0,0.527866,168.0,117.0,0.47868422,167.0,168.0,0.40646958,207.0,111.0,0.50106645,168.0,217.0,0.7068918,238.0,110.0,0.4319391
guy3_warrior141_flipped.jpg,161.0,114.0,0.5627624,164.0,112.0,0.7180049,163.0,110.0,0.5061125,158.0,103.0,0.526962,156.0,100.0,0.48003513,152.0,106.0,0.6871946,137.0,98.0,0.7608052,183.0,115.0,0.6011933,162.0,96.0,0.50589454,200.0,121.0,0.23930922,190.0,81.0,0.6821019,89.0,116.0,0.6194886,86.0,120.0,0.7601062,50.0,113.0,0.7314841,87.0,169.0,0.6671846,17.0,105.0,0.5901332,86.0,216.0,0.8506006
guy3_warrior142.jpg,93.0,114.0,0.67654425,91.0,110.0,0.7832717,90.0,110.0,0.82351017,99.0,102.0,0.8119924,95.0,103.0,0.4844257,115.0,102.0,0.52139056,105.0,105.0,0.8101145,85.0,93.0,0.334741,73.0,114.0,0.4980229,63.0,81.0,0.7767912,55.0,121.0,0.36963746,169.0,120.0,0.92284596,167.0,116.0,0.8533145,168.0,169.0,0.6437421,207.0,112.0,0.8500202,169.0,215.0,0.91655034,239.0,110.0,0.8524976
guy3_warrior142_flipped.jpg,161.0,115.0,0.5715194,164.0,112.0,0.6185482,163.0,110.0,0.5021635,158.0,103.0,0.5083822,156.0,101.0,0.5290603,153.0,105.0,0.654487,138.0,99.0,0.76645106,185.0,117.0,0.5974608,165.0,97.0,0.5902186,206.0,123.0,0.30791113,191.0,82.0,0.7562547,89.0,115.0,0.6354605,87.0,122.0,0.85232246,51.0,114.0,0.7641044,88.0,170.0,0.7517681,18.0,108.0,0.8229736,86.0,216.0,0.91562593
guy3_warrior143.jpg,93.0,114.0,0.6662489,91.0,110.0,0.755273,91.0,110.0,0.8220897,99.0,101.0,0.5321976,96.0,102.0,0.6556115,117.0,102.0,0.7817878,105.0,104.0,0.8390137,85.0,94.0,0.37530223,79.0,100.0,0.35132074,65.0,86.0,0.70022535,62.0,96.0,0.25850835,168.0,121.0,0.915878,167.0,117.0,0.8640134,166.0,169.0,0.6828047,207.0,113.0,0.71609867,168.0,216.0,0.92086583,237.0,111.0,0.87763745
guy3_warrior143_flipped.jpg,162.0,115.0,0.69180894,163.0,112.0,0.6212627,163.0,111.0,0.65565836,157.0,103.0,0.53620094,157.0,103.0,0.6358695,144.0,102.0,0.6154584,137.0,103.0,0.8457657,166.0,98.0,0.5061866,164.0,99.0,0.67403567,187.0,91.0,0.41991127,190.0,87.0,0.54146934,88.0,115.0,0.75199175,88.0,122.0,0.88279194,50.0,115.0,0.7506048,90.0,169.0,0.5880523,17.0,109.0,0.8844272,87.0,217.0,0.9291922
guy3_warrior144.jpg,91.0,114.0,0.6528005,90.0,110.0,0.7158015,89.0,110.0,0.75644153,99.0,101.0,0.7596512,95.0,101.0,0.6748227,118.0,103.0,0.81237113,106.0,104.0,0.58743715,81.0,95.0,0.40328518,75.0,98.0,0.4385427,59.0,83.0,0.5670557,57.0,86.0,0.24685147,168.0,122.0,0.84590983,167.0,118.0,0.85766035,165.0,170.0,0.72636366,207.0,117.0,0.75229126,167.0,218.0,0.9236626,239.0,114.0,0.8387673
guy3_warrior144_flipped.jpg,163.0,114.0,0.718736,164.0,110.0,0.57083595,163.0,109.0,0.48074728,158.0,101.0,0.74308467,157.0,101.0,0.74711615,144.0,102.0,0.689168,135.0,101.0,0.8181622,168.0,98.0,0.48559326,166.0,98.0,0.5836657,188.0,93.0,0.3804212,191.0,90.0,0.5261369,89.0,117.0,0.7704902,88.0,124.0,0.87960637,51.0,118.0,0.8153434,92.0,170.0,0.6560606,17.0,111.0,0.89613503,87.0,217.0,0.9200594
guy3_warrior145.jpg,92.0,114.0,0.60582936,91.0,110.0,0.6295909,90.0,111.0,0.56271625,98.0,100.0,0.72581017,96.0,102.0,0.7154659,116.0,102.0,0.6152672,106.0,104.0,0.7350319,83.0,95.0,0.45575228,77.0,99.0,0.45802101,59.0,86.0,0.5394993,58.0,91.0,0.28094307,167.0,124.0,0.83284587,166.0,119.0,0.8497967,164.0,172.0,0.79795986,205.0,121.0,0.7345062,166.0,218.0,0.92085123,238.0,118.0,0.83906543
guy3_warrior145_flipped.jpg,162.0,113.0,0.6362449,165.0,108.0,0.6216148,164.0,108.0,0.7068161,159.0,100.0,0.583137,158.0,99.0,0.71635723,142.0,101.0,0.68052983,138.0,101.0,0.50162244,165.0,97.0,0.41637203,163.0,98.0,0.72259927,185.0,96.0,0.20028704,189.0,91.0,0.50933623,89.0,120.0,0.76634824,87.0,125.0,0.8715051,52.0,121.0,0.77065593,93.0,173.0,0.73477334,18.0,115.0,0.9083511,88.0,219.0,0.9115257
guy3_warrior146.jpg,90.0,110.0,0.7279717,90.0,106.0,0.7015879,89.0,107.0,0.69944453,98.0,97.0,0.64696586,95.0,98.0,0.7451669,114.0,101.0,0.75692105,104.0,104.0,0.7703923,81.0,94.0,0.4680043,77.0,97.0,0.3677976,60.0,85.0,0.5105777,56.0,89.0,0.2903029,166.0,125.0,0.7930215,165.0,121.0,0.84849817,163.0,172.0,0.67732173,203.0,126.0,0.7173642,165.0,219.0,0.8968481,237.0,122.0,0.8376574
guy3_warrior146_flipped.jpg,163.0,109.0,0.6635562,165.0,106.0,0.6527771,164.0,106.0,0.76695246,158.0,98.0,0.69027686,157.0,97.0,0.68547547,146.0,104.0,0.74343276,135.0,99.0,0.7809659,169.0,98.0,0.5844544,162.0,96.0,0.659472,188.0,92.0,0.6265373,190.0,90.0,0.725497,92.0,123.0,0.63514125,87.0,127.0,0.9013774,52.0,126.0,0.8760885,93.0,173.0,0.72767615,18.0,119.0,0.92088985,88.0,220.0,0.900023
guy3_warrior147.jpg,91.0,109.0,0.7223991,91.0,106.0,0.70488083,89.0,106.0,0.6995156,99.0,96.0,0.57258165,95.0,97.0,0.5556961,117.0,100.0,0.7786259,103.0,105.0,0.75414723,86.0,93.0,0.75277853,81.0,96.0,0.45380503,60.0,85.0,0.38909477,57.0,87.0,0.37158945,166.0,126.0,0.93820095,163.0,124.0,0.86402416,163.0,173.0,0.7300195,200.0,129.0,0.78926134,165.0,220.0,0.91474223,239.0,127.0,0.86005044
guy3_warrior147_flipped.jpg,164.0,109.0,0.67276174,166.0,105.0,0.7217499,166.0,104.0,0.7967007,160.0,97.0,0.7508875,159.0,96.0,0.8447756,147.0,105.0,0.7116306,135.0,98.0,0.922488,173.0,97.0,0.62700796,164.0,94.0,0.5839485,189.0,93.0,0.5903549,191.0,90.0,0.68121535,92.0,125.0,0.6972623,86.0,128.0,0.9017543,53.0,129.0,0.87694734,94.0,174.0,0.828152,17.0,125.0,0.92946625,90.0,220.0,0.8974233
guy3_warrior148.jpg,90.0,109.0,0.7306297,90.0,105.0,0.7888352,89.0,105.0,0.6225711,100.0,98.0,0.8437413,96.0,98.0,0.70587254,119.0,99.0,0.57747877,103.0,107.0,0.84232426,85.0,91.0,0.50597227,77.0,95.0,0.56210136,57.0,79.0,0.49553904,56.0,82.0,0.35799614,165.0,127.0,0.9404307,161.0,127.0,0.85183394,161.0,174.0,0.84069014,200.0,132.0,0.7017137,164.0,220.0,0.94572395,237.0,133.0,0.8661052
guy3_warrior148_flipped.jpg,165.0,107.0,0.65718436,167.0,103.0,0.58503616,166.0,102.0,0.6510426,159.0,96.0,0.56996655,158.0,95.0,0.8155161,145.0,101.0,0.60688865,135.0,98.0,0.88880414,169.0,94.0,0.50997376,166.0,92.0,0.6342118,189.0,91.0,0.42336154,190.0,86.0,0.5017151,94.0,127.0,0.7650284,86.0,128.0,0.9311216,53.0,133.0,0.90637136,95.0,175.0,0.7874139,17.0,131.0,0.8756781,90.0,222.0,0.9470322
guy3_warrior149.jpg,90.0,107.0,0.6475141,90.0,102.0,0.71418524,88.0,102.0,0.78309476,98.0,93.0,0.638672,94.0,94.0,0.70555454,118.0,97.0,0.6480298,103.0,103.0,0.811591,87.0,87.0,0.799264,79.0,92.0,0.4877329,60.0,78.0,0.4865466,57.0,80.0,0.4320225,167.0,128.0,0.9346556,161.0,128.0,0.85772765,161.0,175.0,0.7634287,199.0,135.0,0.7243452,163.0,222.0,0.88845855,239.0,141.0,0.8844577
guy3_warrior149_flipped.jpg,166.0,106.0,0.6752031,167.0,102.0,0.6114111,167.0,101.0,0.7595445,160.0,94.0,0.7826408,158.0,93.0,0.64372927,145.0,100.0,0.7503311,136.0,98.0,0.86472577,172.0,93.0,0.5627523,165.0,89.0,0.52425146,194.0,83.0,0.4495967,195.0,81.0,0.5896898,93.0,128.0,0.8923886,87.0,129.0,0.95137906,55.0,137.0,0.8648354,97.0,176.0,0.8898995,18.0,138.0,0.9037431,92.0,222.0,0.9502177
guy3_warrior150.jpg,90.0,103.0,0.64412916,90.0,98.0,0.4709335,88.0,99.0,0.7140683,99.0,91.0,0.73354393,95.0,92.0,0.6946447,116.0,96.0,0.661898,105.0,103.0,0.75055295,90.0,83.0,0.66033804,80.0,88.0,0.5518408,64.0,74.0,0.40074816,59.0,78.0,0.51217467,165.0,129.0,0.9473791,160.0,129.0,0.8689175,160.0,176.0,0.72832966,198.0,139.0,0.68424624,162.0,223.0,0.9196362,237.0,145.0,0.84129834
guy3_warrior150_flipped.jpg,163.0,103.0,0.6957193,165.0,99.0,0.64702356,164.0,98.0,0.81842387,159.0,90.0,0.6856835,158.0,91.0,0.7030206,144.0,100.0,0.5278249,135.0,94.0,0.8830722,167.0,88.0,0.6681973,163.0,85.0,0.5064373,188.0,80.0,0.6763856,191.0,78.0,0.62247264,94.0,129.0,0.8523495,87.0,129.0,0.9544773,56.0,140.0,0.8871638,97.0,177.0,0.87073433,20.0,143.0,0.92331886,92.0,222.0,0.9386828
